{
  "@type": "AnnotationStore",
  "@id": "I6E633605",
  "resources": [
    {
      "@type": "TextResource",
      "@id": "5EC0",
      "@include": "../../base/5EC0.txt"
    }
  ],
  "annotationsets": [
    {
      "@type": "AnnotationDataSet",
      "@id": "segmentation_annotation",
      "keys": [
        {
          "@type": "DataKey",
          "@id": "root_idx_mapping"
        },
        {
          "@type": "DataKey",
          "@id": "segmentation_type"
        }
      ],
      "data": [
        {
          "@type": "AnnotationData",
          "@id": "6DA136CDAD",
          "key": "root_idx_mapping",
          "value": {
            "@type": "String",
            "value": "1"
          }
        },
        {
          "@type": "AnnotationData",
          "@id": "F5F4CAE1D0",
          "key": "segmentation_type",
          "value": {
            "@type": "String",
            "value": "alignment"
          }
        },
        {
          "@type": "AnnotationData",
          "@id": "44E484E849",
          "key": "root_idx_mapping",
          "value": {
            "@type": "String",
            "value": "2"
          }
        },
        {
          "@type": "AnnotationData",
          "@id": "98BB7F2645",
          "key": "root_idx_mapping",
          "value": {
            "@type": "String",
            "value": "3"
          }
        },
        {
          "@type": "AnnotationData",
          "@id": "D8BD84F554",
          "key": "root_idx_mapping",
          "value": {
            "@type": "String",
            "value": "4"
          }
        },
        {
          "@type": "AnnotationData",
          "@id": "ABA0ACB5CC",
          "key": "root_idx_mapping",
          "value": {
            "@type": "String",
            "value": "5"
          }
        },
        {
          "@type": "AnnotationData",
          "@id": "92D4BBE2FE",
          "key": "root_idx_mapping",
          "value": {
            "@type": "String",
            "value": "6"
          }
        },
        {
          "@type": "AnnotationData",
          "@id": "6EAA3D5CD4",
          "key": "root_idx_mapping",
          "value": {
            "@type": "String",
            "value": "7"
          }
        },
        {
          "@type": "AnnotationData",
          "@id": "012B7D4049",
          "key": "root_idx_mapping",
          "value": {
            "@type": "String",
            "value": "8"
          }
        },
        {
          "@type": "AnnotationData",
          "@id": "8FF4F05C4A",
          "key": "root_idx_mapping",
          "value": {
            "@type": "String",
            "value": "9"
          }
        },
        {
          "@type": "AnnotationData",
          "@id": "94F4DFBFF0",
          "key": "root_idx_mapping",
          "value": {
            "@type": "String",
            "value": "10"
          }
        },
        {
          "@type": "AnnotationData",
          "@id": "EA899963BE",
          "key": "root_idx_mapping",
          "value": {
            "@type": "String",
            "value": "11"
          }
        },
        {
          "@type": "AnnotationData",
          "@id": "C1F2D88D9B",
          "key": "root_idx_mapping",
          "value": {
            "@type": "String",
            "value": "12"
          }
        },
        {
          "@type": "AnnotationData",
          "@id": "999D95AB9D",
          "key": "root_idx_mapping",
          "value": {
            "@type": "String",
            "value": "13"
          }
        },
        {
          "@type": "AnnotationData",
          "@id": "F8E19AEA5E",
          "key": "root_idx_mapping",
          "value": {
            "@type": "String",
            "value": "14"
          }
        },
        {
          "@type": "AnnotationData",
          "@id": "E0D8B1FAEB",
          "key": "root_idx_mapping",
          "value": {
            "@type": "String",
            "value": "15"
          }
        },
        {
          "@type": "AnnotationData",
          "@id": "C6EE22E29F",
          "key": "root_idx_mapping",
          "value": {
            "@type": "String",
            "value": "16"
          }
        },
        {
          "@type": "AnnotationData",
          "@id": "4DF0A78582",
          "key": "root_idx_mapping",
          "value": {
            "@type": "String",
            "value": "17"
          }
        },
        {
          "@type": "AnnotationData",
          "@id": "4A8ECA348C",
          "key": "root_idx_mapping",
          "value": {
            "@type": "String",
            "value": "18"
          }
        },
        {
          "@type": "AnnotationData",
          "@id": "105E6DED8B",
          "key": "root_idx_mapping",
          "value": {
            "@type": "String",
            "value": "19"
          }
        },
        {
          "@type": "AnnotationData",
          "@id": "1101CB1083",
          "key": "root_idx_mapping",
          "value": {
            "@type": "String",
            "value": "20"
          }
        },
        {
          "@type": "AnnotationData",
          "@id": "8D26DC683A",
          "key": "root_idx_mapping",
          "value": {
            "@type": "String",
            "value": "21"
          }
        },
        {
          "@type": "AnnotationData",
          "@id": "44A98D540A",
          "key": "root_idx_mapping",
          "value": {
            "@type": "String",
            "value": "22"
          }
        },
        {
          "@type": "AnnotationData",
          "@id": "B0B0BE0B5E",
          "key": "root_idx_mapping",
          "value": {
            "@type": "String",
            "value": "23"
          }
        },
        {
          "@type": "AnnotationData",
          "@id": "325882F22A",
          "key": "root_idx_mapping",
          "value": {
            "@type": "String",
            "value": "24"
          }
        },
        {
          "@type": "AnnotationData",
          "@id": "255C3311A0",
          "key": "root_idx_mapping",
          "value": {
            "@type": "String",
            "value": "25"
          }
        },
        {
          "@type": "AnnotationData",
          "@id": "3FF9F61D5E",
          "key": "root_idx_mapping",
          "value": {
            "@type": "String",
            "value": "26"
          }
        },
        {
          "@type": "AnnotationData",
          "@id": "D8665356EA",
          "key": "root_idx_mapping",
          "value": {
            "@type": "String",
            "value": "27"
          }
        },
        {
          "@type": "AnnotationData",
          "@id": "05075C9296",
          "key": "root_idx_mapping",
          "value": {
            "@type": "String",
            "value": "28"
          }
        },
        {
          "@type": "AnnotationData",
          "@id": "FFFD795517",
          "key": "root_idx_mapping",
          "value": {
            "@type": "String",
            "value": "29"
          }
        },
        {
          "@type": "AnnotationData",
          "@id": "4D9170C074",
          "key": "root_idx_mapping",
          "value": {
            "@type": "String",
            "value": "30"
          }
        },
        {
          "@type": "AnnotationData",
          "@id": "C249C6C9A5",
          "key": "root_idx_mapping",
          "value": {
            "@type": "String",
            "value": "31"
          }
        }
      ]
    }
  ],
  "annotations": [
    {
      "@type": "Annotation",
      "@id": "A55F9EF3F6",
      "target": {
        "@type": "TextSelector",
        "resource": "5EC0",
        "offset": {
          "@type": "Offset",
          "begin": {
            "@type": "BeginAlignedCursor",
            "value": 0
          },
          "end": {
            "@type": "BeginAlignedCursor",
            "value": 32
          }
        }
      },
      "data": [
        {
          "@type": "AnnotationData",
          "@id": "6DA136CDAD",
          "set": "segmentation_annotation"
        },
        {
          "@type": "AnnotationData",
          "@id": "F5F4CAE1D0",
          "set": "segmentation_annotation"
        }
      ]
    },
    {
      "@type": "Annotation",
      "@id": "E45FE8C720",
      "target": {
        "@type": "TextSelector",
        "resource": "5EC0",
        "offset": {
          "@type": "Offset",
          "begin": {
            "@type": "BeginAlignedCursor",
            "value": 33
          },
          "end": {
            "@type": "BeginAlignedCursor",
            "value": 66
          }
        }
      },
      "data": [
        {
          "@type": "AnnotationData",
          "@id": "44E484E849",
          "set": "segmentation_annotation"
        },
        {
          "@type": "AnnotationData",
          "@id": "F5F4CAE1D0",
          "set": "segmentation_annotation"
        }
      ]
    },
    {
      "@type": "Annotation",
      "@id": "73E5528465",
      "target": {
        "@type": "TextSelector",
        "resource": "5EC0",
        "offset": {
          "@type": "Offset",
          "begin": {
            "@type": "BeginAlignedCursor",
            "value": 67
          },
          "end": {
            "@type": "BeginAlignedCursor",
            "value": 99
          }
        }
      },
      "data": [
        {
          "@type": "AnnotationData",
          "@id": "98BB7F2645",
          "set": "segmentation_annotation"
        },
        {
          "@type": "AnnotationData",
          "@id": "F5F4CAE1D0",
          "set": "segmentation_annotation"
        }
      ]
    },
    {
      "@type": "Annotation",
      "@id": "4C875E9C78",
      "target": {
        "@type": "TextSelector",
        "resource": "5EC0",
        "offset": {
          "@type": "Offset",
          "begin": {
            "@type": "BeginAlignedCursor",
            "value": 100
          },
          "end": {
            "@type": "BeginAlignedCursor",
            "value": 103
          }
        }
      },
      "data": [
        {
          "@type": "AnnotationData",
          "@id": "D8BD84F554",
          "set": "segmentation_annotation"
        },
        {
          "@type": "AnnotationData",
          "@id": "F5F4CAE1D0",
          "set": "segmentation_annotation"
        }
      ]
    },
    {
      "@type": "Annotation",
      "@id": "522A8848ED",
      "target": {
        "@type": "TextSelector",
        "resource": "5EC0",
        "offset": {
          "@type": "Offset",
          "begin": {
            "@type": "BeginAlignedCursor",
            "value": 104
          },
          "end": {
            "@type": "BeginAlignedCursor",
            "value": 113
          }
        }
      },
      "data": [
        {
          "@type": "AnnotationData",
          "@id": "ABA0ACB5CC",
          "set": "segmentation_annotation"
        },
        {
          "@type": "AnnotationData",
          "@id": "F5F4CAE1D0",
          "set": "segmentation_annotation"
        }
      ]
    },
    {
      "@type": "Annotation",
      "@id": "EA7268CA87",
      "target": {
        "@type": "TextSelector",
        "resource": "5EC0",
        "offset": {
          "@type": "Offset",
          "begin": {
            "@type": "BeginAlignedCursor",
            "value": 114
          },
          "end": {
            "@type": "BeginAlignedCursor",
            "value": 122
          }
        }
      },
      "data": [
        {
          "@type": "AnnotationData",
          "@id": "92D4BBE2FE",
          "set": "segmentation_annotation"
        },
        {
          "@type": "AnnotationData",
          "@id": "F5F4CAE1D0",
          "set": "segmentation_annotation"
        }
      ]
    },
    {
      "@type": "Annotation",
      "@id": "777604CFDF",
      "target": {
        "@type": "TextSelector",
        "resource": "5EC0",
        "offset": {
          "@type": "Offset",
          "begin": {
            "@type": "BeginAlignedCursor",
            "value": 123
          },
          "end": {
            "@type": "BeginAlignedCursor",
            "value": 155
          }
        }
      },
      "data": [
        {
          "@type": "AnnotationData",
          "@id": "6EAA3D5CD4",
          "set": "segmentation_annotation"
        },
        {
          "@type": "AnnotationData",
          "@id": "F5F4CAE1D0",
          "set": "segmentation_annotation"
        }
      ]
    },
    {
      "@type": "Annotation",
      "@id": "DE17136454",
      "target": {
        "@type": "TextSelector",
        "resource": "5EC0",
        "offset": {
          "@type": "Offset",
          "begin": {
            "@type": "BeginAlignedCursor",
            "value": 156
          },
          "end": {
            "@type": "BeginAlignedCursor",
            "value": 188
          }
        }
      },
      "data": [
        {
          "@type": "AnnotationData",
          "@id": "012B7D4049",
          "set": "segmentation_annotation"
        },
        {
          "@type": "AnnotationData",
          "@id": "F5F4CAE1D0",
          "set": "segmentation_annotation"
        }
      ]
    },
    {
      "@type": "Annotation",
      "@id": "9C6F06F9EC",
      "target": {
        "@type": "TextSelector",
        "resource": "5EC0",
        "offset": {
          "@type": "Offset",
          "begin": {
            "@type": "BeginAlignedCursor",
            "value": 189
          },
          "end": {
            "@type": "BeginAlignedCursor",
            "value": 221
          }
        }
      },
      "data": [
        {
          "@type": "AnnotationData",
          "@id": "8FF4F05C4A",
          "set": "segmentation_annotation"
        },
        {
          "@type": "AnnotationData",
          "@id": "F5F4CAE1D0",
          "set": "segmentation_annotation"
        }
      ]
    },
    {
      "@type": "Annotation",
      "@id": "DBD46116AC",
      "target": {
        "@type": "TextSelector",
        "resource": "5EC0",
        "offset": {
          "@type": "Offset",
          "begin": {
            "@type": "BeginAlignedCursor",
            "value": 222
          },
          "end": {
            "@type": "BeginAlignedCursor",
            "value": 254
          }
        }
      },
      "data": [
        {
          "@type": "AnnotationData",
          "@id": "94F4DFBFF0",
          "set": "segmentation_annotation"
        },
        {
          "@type": "AnnotationData",
          "@id": "F5F4CAE1D0",
          "set": "segmentation_annotation"
        }
      ]
    },
    {
      "@type": "Annotation",
      "@id": "841FEE2ADA",
      "target": {
        "@type": "TextSelector",
        "resource": "5EC0",
        "offset": {
          "@type": "Offset",
          "begin": {
            "@type": "BeginAlignedCursor",
            "value": 255
          },
          "end": {
            "@type": "BeginAlignedCursor",
            "value": 287
          }
        }
      },
      "data": [
        {
          "@type": "AnnotationData",
          "@id": "EA899963BE",
          "set": "segmentation_annotation"
        },
        {
          "@type": "AnnotationData",
          "@id": "F5F4CAE1D0",
          "set": "segmentation_annotation"
        }
      ]
    },
    {
      "@type": "Annotation",
      "@id": "ACCEE66566",
      "target": {
        "@type": "TextSelector",
        "resource": "5EC0",
        "offset": {
          "@type": "Offset",
          "begin": {
            "@type": "BeginAlignedCursor",
            "value": 288
          },
          "end": {
            "@type": "BeginAlignedCursor",
            "value": 320
          }
        }
      },
      "data": [
        {
          "@type": "AnnotationData",
          "@id": "C1F2D88D9B",
          "set": "segmentation_annotation"
        },
        {
          "@type": "AnnotationData",
          "@id": "F5F4CAE1D0",
          "set": "segmentation_annotation"
        }
      ]
    },
    {
      "@type": "Annotation",
      "@id": "332FFF4F2F",
      "target": {
        "@type": "TextSelector",
        "resource": "5EC0",
        "offset": {
          "@type": "Offset",
          "begin": {
            "@type": "BeginAlignedCursor",
            "value": 321
          },
          "end": {
            "@type": "BeginAlignedCursor",
            "value": 353
          }
        }
      },
      "data": [
        {
          "@type": "AnnotationData",
          "@id": "999D95AB9D",
          "set": "segmentation_annotation"
        },
        {
          "@type": "AnnotationData",
          "@id": "F5F4CAE1D0",
          "set": "segmentation_annotation"
        }
      ]
    },
    {
      "@type": "Annotation",
      "@id": "5243539B40",
      "target": {
        "@type": "TextSelector",
        "resource": "5EC0",
        "offset": {
          "@type": "Offset",
          "begin": {
            "@type": "BeginAlignedCursor",
            "value": 354
          },
          "end": {
            "@type": "BeginAlignedCursor",
            "value": 386
          }
        }
      },
      "data": [
        {
          "@type": "AnnotationData",
          "@id": "F8E19AEA5E",
          "set": "segmentation_annotation"
        },
        {
          "@type": "AnnotationData",
          "@id": "F5F4CAE1D0",
          "set": "segmentation_annotation"
        }
      ]
    },
    {
      "@type": "Annotation",
      "@id": "0E27023801",
      "target": {
        "@type": "TextSelector",
        "resource": "5EC0",
        "offset": {
          "@type": "Offset",
          "begin": {
            "@type": "BeginAlignedCursor",
            "value": 387
          },
          "end": {
            "@type": "BeginAlignedCursor",
            "value": 403
          }
        }
      },
      "data": [
        {
          "@type": "AnnotationData",
          "@id": "E0D8B1FAEB",
          "set": "segmentation_annotation"
        },
        {
          "@type": "AnnotationData",
          "@id": "F5F4CAE1D0",
          "set": "segmentation_annotation"
        }
      ]
    },
    {
      "@type": "Annotation",
      "@id": "CAEBFBAD58",
      "target": {
        "@type": "TextSelector",
        "resource": "5EC0",
        "offset": {
          "@type": "Offset",
          "begin": {
            "@type": "BeginAlignedCursor",
            "value": 404
          },
          "end": {
            "@type": "BeginAlignedCursor",
            "value": 436
          }
        }
      },
      "data": [
        {
          "@type": "AnnotationData",
          "@id": "C6EE22E29F",
          "set": "segmentation_annotation"
        },
        {
          "@type": "AnnotationData",
          "@id": "F5F4CAE1D0",
          "set": "segmentation_annotation"
        }
      ]
    },
    {
      "@type": "Annotation",
      "@id": "E74D8BED5E",
      "target": {
        "@type": "TextSelector",
        "resource": "5EC0",
        "offset": {
          "@type": "Offset",
          "begin": {
            "@type": "BeginAlignedCursor",
            "value": 437
          },
          "end": {
            "@type": "BeginAlignedCursor",
            "value": 475
          }
        }
      },
      "data": [
        {
          "@type": "AnnotationData",
          "@id": "4DF0A78582",
          "set": "segmentation_annotation"
        },
        {
          "@type": "AnnotationData",
          "@id": "F5F4CAE1D0",
          "set": "segmentation_annotation"
        }
      ]
    },
    {
      "@type": "Annotation",
      "@id": "30C89325BC",
      "target": {
        "@type": "TextSelector",
        "resource": "5EC0",
        "offset": {
          "@type": "Offset",
          "begin": {
            "@type": "BeginAlignedCursor",
            "value": 476
          },
          "end": {
            "@type": "BeginAlignedCursor",
            "value": 508
          }
        }
      },
      "data": [
        {
          "@type": "AnnotationData",
          "@id": "4A8ECA348C",
          "set": "segmentation_annotation"
        },
        {
          "@type": "AnnotationData",
          "@id": "F5F4CAE1D0",
          "set": "segmentation_annotation"
        }
      ]
    },
    {
      "@type": "Annotation",
      "@id": "4F8FA24A41",
      "target": {
        "@type": "TextSelector",
        "resource": "5EC0",
        "offset": {
          "@type": "Offset",
          "begin": {
            "@type": "BeginAlignedCursor",
            "value": 508
          },
          "end": {
            "@type": "BeginAlignedCursor",
            "value": 543
          }
        }
      },
      "data": [
        {
          "@type": "AnnotationData",
          "@id": "105E6DED8B",
          "set": "segmentation_annotation"
        },
        {
          "@type": "AnnotationData",
          "@id": "F5F4CAE1D0",
          "set": "segmentation_annotation"
        }
      ]
    },
    {
      "@type": "Annotation",
      "@id": "BD64F166D2",
      "target": {
        "@type": "TextSelector",
        "resource": "5EC0",
        "offset": {
          "@type": "Offset",
          "begin": {
            "@type": "BeginAlignedCursor",
            "value": 544
          },
          "end": {
            "@type": "BeginAlignedCursor",
            "value": 576
          }
        }
      },
      "data": [
        {
          "@type": "AnnotationData",
          "@id": "1101CB1083",
          "set": "segmentation_annotation"
        },
        {
          "@type": "AnnotationData",
          "@id": "F5F4CAE1D0",
          "set": "segmentation_annotation"
        }
      ]
    },
    {
      "@type": "Annotation",
      "@id": "D937F9AC01",
      "target": {
        "@type": "TextSelector",
        "resource": "5EC0",
        "offset": {
          "@type": "Offset",
          "begin": {
            "@type": "BeginAlignedCursor",
            "value": 577
          },
          "end": {
            "@type": "BeginAlignedCursor",
            "value": 609
          }
        }
      },
      "data": [
        {
          "@type": "AnnotationData",
          "@id": "8D26DC683A",
          "set": "segmentation_annotation"
        },
        {
          "@type": "AnnotationData",
          "@id": "F5F4CAE1D0",
          "set": "segmentation_annotation"
        }
      ]
    },
    {
      "@type": "Annotation",
      "@id": "419788C94F",
      "target": {
        "@type": "TextSelector",
        "resource": "5EC0",
        "offset": {
          "@type": "Offset",
          "begin": {
            "@type": "BeginAlignedCursor",
            "value": 610
          },
          "end": {
            "@type": "BeginAlignedCursor",
            "value": 642
          }
        }
      },
      "data": [
        {
          "@type": "AnnotationData",
          "@id": "44A98D540A",
          "set": "segmentation_annotation"
        },
        {
          "@type": "AnnotationData",
          "@id": "F5F4CAE1D0",
          "set": "segmentation_annotation"
        }
      ]
    },
    {
      "@type": "Annotation",
      "@id": "AB76976E30",
      "target": {
        "@type": "TextSelector",
        "resource": "5EC0",
        "offset": {
          "@type": "Offset",
          "begin": {
            "@type": "BeginAlignedCursor",
            "value": 643
          },
          "end": {
            "@type": "BeginAlignedCursor",
            "value": 675
          }
        }
      },
      "data": [
        {
          "@type": "AnnotationData",
          "@id": "B0B0BE0B5E",
          "set": "segmentation_annotation"
        },
        {
          "@type": "AnnotationData",
          "@id": "F5F4CAE1D0",
          "set": "segmentation_annotation"
        }
      ]
    },
    {
      "@type": "Annotation",
      "@id": "4999F3BF93",
      "target": {
        "@type": "TextSelector",
        "resource": "5EC0",
        "offset": {
          "@type": "Offset",
          "begin": {
            "@type": "BeginAlignedCursor",
            "value": 676
          },
          "end": {
            "@type": "BeginAlignedCursor",
            "value": 712
          }
        }
      },
      "data": [
        {
          "@type": "AnnotationData",
          "@id": "325882F22A",
          "set": "segmentation_annotation"
        },
        {
          "@type": "AnnotationData",
          "@id": "F5F4CAE1D0",
          "set": "segmentation_annotation"
        }
      ]
    },
    {
      "@type": "Annotation",
      "@id": "128E4C4658",
      "target": {
        "@type": "TextSelector",
        "resource": "5EC0",
        "offset": {
          "@type": "Offset",
          "begin": {
            "@type": "BeginAlignedCursor",
            "value": 712
          },
          "end": {
            "@type": "BeginAlignedCursor",
            "value": 741
          }
        }
      },
      "data": [
        {
          "@type": "AnnotationData",
          "@id": "255C3311A0",
          "set": "segmentation_annotation"
        },
        {
          "@type": "AnnotationData",
          "@id": "F5F4CAE1D0",
          "set": "segmentation_annotation"
        }
      ]
    },
    {
      "@type": "Annotation",
      "@id": "23E5BE0805",
      "target": {
        "@type": "TextSelector",
        "resource": "5EC0",
        "offset": {
          "@type": "Offset",
          "begin": {
            "@type": "BeginAlignedCursor",
            "value": 742
          },
          "end": {
            "@type": "BeginAlignedCursor",
            "value": 773
          }
        }
      },
      "data": [
        {
          "@type": "AnnotationData",
          "@id": "3FF9F61D5E",
          "set": "segmentation_annotation"
        },
        {
          "@type": "AnnotationData",
          "@id": "F5F4CAE1D0",
          "set": "segmentation_annotation"
        }
      ]
    },
    {
      "@type": "Annotation",
      "@id": "8BD4B7D6A4",
      "target": {
        "@type": "TextSelector",
        "resource": "5EC0",
        "offset": {
          "@type": "Offset",
          "begin": {
            "@type": "BeginAlignedCursor",
            "value": 774
          },
          "end": {
            "@type": "BeginAlignedCursor",
            "value": 806
          }
        }
      },
      "data": [
        {
          "@type": "AnnotationData",
          "@id": "D8665356EA",
          "set": "segmentation_annotation"
        },
        {
          "@type": "AnnotationData",
          "@id": "F5F4CAE1D0",
          "set": "segmentation_annotation"
        }
      ]
    },
    {
      "@type": "Annotation",
      "@id": "696EC6939B",
      "target": {
        "@type": "TextSelector",
        "resource": "5EC0",
        "offset": {
          "@type": "Offset",
          "begin": {
            "@type": "BeginAlignedCursor",
            "value": 807
          },
          "end": {
            "@type": "BeginAlignedCursor",
            "value": 839
          }
        }
      },
      "data": [
        {
          "@type": "AnnotationData",
          "@id": "05075C9296",
          "set": "segmentation_annotation"
        },
        {
          "@type": "AnnotationData",
          "@id": "F5F4CAE1D0",
          "set": "segmentation_annotation"
        }
      ]
    },
    {
      "@type": "Annotation",
      "@id": "7333340B71",
      "target": {
        "@type": "TextSelector",
        "resource": "5EC0",
        "offset": {
          "@type": "Offset",
          "begin": {
            "@type": "BeginAlignedCursor",
            "value": 840
          },
          "end": {
            "@type": "BeginAlignedCursor",
            "value": 848
          }
        }
      },
      "data": [
        {
          "@type": "AnnotationData",
          "@id": "FFFD795517",
          "set": "segmentation_annotation"
        },
        {
          "@type": "AnnotationData",
          "@id": "F5F4CAE1D0",
          "set": "segmentation_annotation"
        }
      ]
    },
    {
      "@type": "Annotation",
      "@id": "5787091E91",
      "target": {
        "@type": "TextSelector",
        "resource": "5EC0",
        "offset": {
          "@type": "Offset",
          "begin": {
            "@type": "BeginAlignedCursor",
            "value": 849
          },
          "end": {
            "@type": "BeginAlignedCursor",
            "value": 856
          }
        }
      },
      "data": [
        {
          "@type": "AnnotationData",
          "@id": "4D9170C074",
          "set": "segmentation_annotation"
        },
        {
          "@type": "AnnotationData",
          "@id": "F5F4CAE1D0",
          "set": "segmentation_annotation"
        }
      ]
    },
    {
      "@type": "Annotation",
      "@id": "40F3504994",
      "target": {
        "@type": "TextSelector",
        "resource": "5EC0",
        "offset": {
          "@type": "Offset",
          "begin": {
            "@type": "BeginAlignedCursor",
            "value": 857
          },
          "end": {
            "@type": "BeginAlignedCursor",
            "value": 922
          }
        }
      },
      "data": [
        {
          "@type": "AnnotationData",
          "@id": "C249C6C9A5",
          "set": "segmentation_annotation"
        },
        {
          "@type": "AnnotationData",
          "@id": "F5F4CAE1D0",
          "set": "segmentation_annotation"
        }
      ]
    }
  ]
}