{
  "id": "I5A5521EA",
  "title": {
    "bo": "འཕགས་པ་ཤེས་རབ་ཀྱི་ཕ་རོལ་ཏུ་ཕྱིན་པ་སྡུད་པ་ཚིགས་སུ་བཅད་པ།",
    "en": "The Verses Condensing the Perfection of Wisdom",
    "lzh": "般若波羅蜜多攝頌",
    "zh": "般若波罗蜜多心经 AI Draft"
  },
  "author": {
    "zh": "Openpecha AI"
  },
  "imported": "2025-05-21T08:51:10.820903",
  "source": "Openpecha",
  "toolkit_version": "2.1.12",
  "parser": "DocxRootParser",
  "initial_creation_type": "google_docx",
  "language": "zh",
  "source_metadata": {
    "date": null,
    "source_url": null,
    "source_type": "docx",
    "document_id": "1ZuJ-bMRrEoHS6tN05HKGkT3SGvvu60KE5OTEGn5g99E",
    "presentation": null,
    "usage_title": null,
    "long_title": {
      "zh": "般若波罗蜜多心经 AI Draft"
    },
    "alt_titles": null,
    "commentary_of": null,
    "version_of": null,
    "translation_of": "I1E4F8487",
    "category": null,
    "bdrc": null
  },
  "bases": {},
  "copyright": {
    "status": "Unknown",
    "notice": "",
    "info_url": null
  },
  "licence": "Unknown",
  "legacy_id": null,
  "source_file": null,
  "ocr_import_info": null,
  "statistics": null,
  "quality": null,
  "last_modified": "2025-05-21T08:51:10.820898"
}