{
  "@type": "AnnotationStore",
  "@id": "I999EDD0C",
  "resources": [
    {
      "@type": "TextResource",
      "@id": "26E4",
      "@include": "../../base/26E4.txt"
    }
  ],
  "annotationsets": [
    {
      "@type": "AnnotationDataSet",
      "@id": "segmentation_annotation",
      "keys": [
        {
          "@type": "DataKey",
          "@id": "root_idx_mapping"
        },
        {
          "@type": "DataKey",
          "@id": "segmentation_type"
        }
      ],
      "data": [
        {
          "@type": "AnnotationData",
          "@id": "63FC36F30A",
          "key": "root_idx_mapping",
          "value": {
            "@type": "String",
            "value": "1"
          }
        },
        {
          "@type": "AnnotationData",
          "@id": "87FF74AB6B",
          "key": "segmentation_type",
          "value": {
            "@type": "String",
            "value": "alignment"
          }
        },
        {
          "@type": "AnnotationData",
          "@id": "4C4243534D",
          "key": "root_idx_mapping",
          "value": {
            "@type": "String",
            "value": "2"
          }
        },
        {
          "@type": "AnnotationData",
          "@id": "D3DA03F8A2",
          "key": "root_idx_mapping",
          "value": {
            "@type": "String",
            "value": "3"
          }
        },
        {
          "@type": "AnnotationData",
          "@id": "545A575D82",
          "key": "root_idx_mapping",
          "value": {
            "@type": "String",
            "value": "4"
          }
        },
        {
          "@type": "AnnotationData",
          "@id": "979BA4E3A1",
          "key": "root_idx_mapping",
          "value": {
            "@type": "String",
            "value": "5"
          }
        },
        {
          "@type": "AnnotationData",
          "@id": "EC3D5D3988",
          "key": "root_idx_mapping",
          "value": {
            "@type": "String",
            "value": "6"
          }
        },
        {
          "@type": "AnnotationData",
          "@id": "036C43CE46",
          "key": "root_idx_mapping",
          "value": {
            "@type": "String",
            "value": "7"
          }
        },
        {
          "@type": "AnnotationData",
          "@id": "B4B0FF27BD",
          "key": "root_idx_mapping",
          "value": {
            "@type": "String",
            "value": "8"
          }
        },
        {
          "@type": "AnnotationData",
          "@id": "93D223E064",
          "key": "root_idx_mapping",
          "value": {
            "@type": "String",
            "value": "9"
          }
        },
        {
          "@type": "AnnotationData",
          "@id": "A7A8BCC929",
          "key": "root_idx_mapping",
          "value": {
            "@type": "String",
            "value": "10"
          }
        },
        {
          "@type": "AnnotationData",
          "@id": "3ED15B89B1",
          "key": "root_idx_mapping",
          "value": {
            "@type": "String",
            "value": "11"
          }
        },
        {
          "@type": "AnnotationData",
          "@id": "AF89F56954",
          "key": "root_idx_mapping",
          "value": {
            "@type": "String",
            "value": "12"
          }
        },
        {
          "@type": "AnnotationData",
          "@id": "15ED8E60C6",
          "key": "root_idx_mapping",
          "value": {
            "@type": "String",
            "value": "13"
          }
        },
        {
          "@type": "AnnotationData",
          "@id": "667F57CC74",
          "key": "root_idx_mapping",
          "value": {
            "@type": "String",
            "value": "14"
          }
        },
        {
          "@type": "AnnotationData",
          "@id": "40E7148498",
          "key": "root_idx_mapping",
          "value": {
            "@type": "String",
            "value": "15"
          }
        },
        {
          "@type": "AnnotationData",
          "@id": "942A993E3C",
          "key": "root_idx_mapping",
          "value": {
            "@type": "String",
            "value": "16"
          }
        },
        {
          "@type": "AnnotationData",
          "@id": "D4415140D6",
          "key": "root_idx_mapping",
          "value": {
            "@type": "String",
            "value": "17"
          }
        },
        {
          "@type": "AnnotationData",
          "@id": "7807AB7B07",
          "key": "root_idx_mapping",
          "value": {
            "@type": "String",
            "value": "18"
          }
        },
        {
          "@type": "AnnotationData",
          "@id": "06C10D8C94",
          "key": "root_idx_mapping",
          "value": {
            "@type": "String",
            "value": "19"
          }
        },
        {
          "@type": "AnnotationData",
          "@id": "5B81BE08F4",
          "key": "root_idx_mapping",
          "value": {
            "@type": "String",
            "value": "20"
          }
        },
        {
          "@type": "AnnotationData",
          "@id": "D0E7793589",
          "key": "root_idx_mapping",
          "value": {
            "@type": "String",
            "value": "21"
          }
        },
        {
          "@type": "AnnotationData",
          "@id": "39688C2B9A",
          "key": "root_idx_mapping",
          "value": {
            "@type": "String",
            "value": "22"
          }
        },
        {
          "@type": "AnnotationData",
          "@id": "CFDAE7C2D2",
          "key": "root_idx_mapping",
          "value": {
            "@type": "String",
            "value": "23"
          }
        },
        {
          "@type": "AnnotationData",
          "@id": "B33B96730B",
          "key": "root_idx_mapping",
          "value": {
            "@type": "String",
            "value": "24"
          }
        },
        {
          "@type": "AnnotationData",
          "@id": "D1DBA1FBB8",
          "key": "root_idx_mapping",
          "value": {
            "@type": "String",
            "value": "25"
          }
        },
        {
          "@type": "AnnotationData",
          "@id": "B0842FA889",
          "key": "root_idx_mapping",
          "value": {
            "@type": "String",
            "value": "26"
          }
        },
        {
          "@type": "AnnotationData",
          "@id": "C29DDB3D74",
          "key": "root_idx_mapping",
          "value": {
            "@type": "String",
            "value": "27"
          }
        },
        {
          "@type": "AnnotationData",
          "@id": "797978A74A",
          "key": "root_idx_mapping",
          "value": {
            "@type": "String",
            "value": "28"
          }
        },
        {
          "@type": "AnnotationData",
          "@id": "A934915634",
          "key": "root_idx_mapping",
          "value": {
            "@type": "String",
            "value": "29"
          }
        },
        {
          "@type": "AnnotationData",
          "@id": "516EC564A2",
          "key": "root_idx_mapping",
          "value": {
            "@type": "String",
            "value": "30"
          }
        },
        {
          "@type": "AnnotationData",
          "@id": "1F01B63F28",
          "key": "root_idx_mapping",
          "value": {
            "@type": "String",
            "value": "31"
          }
        },
        {
          "@type": "AnnotationData",
          "@id": "3F21F2EF46",
          "key": "root_idx_mapping",
          "value": {
            "@type": "String",
            "value": "32"
          }
        },
        {
          "@type": "AnnotationData",
          "@id": "0691261A51",
          "key": "root_idx_mapping",
          "value": {
            "@type": "String",
            "value": "33"
          }
        },
        {
          "@type": "AnnotationData",
          "@id": "4094ED8DCD",
          "key": "root_idx_mapping",
          "value": {
            "@type": "String",
            "value": "34"
          }
        },
        {
          "@type": "AnnotationData",
          "@id": "FA0A84477D",
          "key": "root_idx_mapping",
          "value": {
            "@type": "String",
            "value": "35"
          }
        }
      ]
    }
  ],
  "annotations": [
    {
      "@type": "Annotation",
      "@id": "DDAB0DD10F",
      "target": {
        "@type": "TextSelector",
        "resource": "26E4",
        "offset": {
          "@type": "Offset",
          "begin": {
            "@type": "BeginAlignedCursor",
            "value": 55
          },
          "end": {
            "@type": "BeginAlignedCursor",
            "value": 175
          }
        }
      },
      "data": [
        {
          "@type": "AnnotationData",
          "@id": "63FC36F30A",
          "set": "segmentation_annotation"
        },
        {
          "@type": "AnnotationData",
          "@id": "87FF74AB6B",
          "set": "segmentation_annotation"
        }
      ]
    },
    {
      "@type": "Annotation",
      "@id": "5939439439",
      "target": {
        "@type": "TextSelector",
        "resource": "26E4",
        "offset": {
          "@type": "Offset",
          "begin": {
            "@type": "BeginAlignedCursor",
            "value": 177
          },
          "end": {
            "@type": "BeginAlignedCursor",
            "value": 193
          }
        }
      },
      "data": [
        {
          "@type": "AnnotationData",
          "@id": "4C4243534D",
          "set": "segmentation_annotation"
        },
        {
          "@type": "AnnotationData",
          "@id": "87FF74AB6B",
          "set": "segmentation_annotation"
        }
      ]
    },
    {
      "@type": "Annotation",
      "@id": "114C475A41",
      "target": {
        "@type": "TextSelector",
        "resource": "26E4",
        "offset": {
          "@type": "Offset",
          "begin": {
            "@type": "BeginAlignedCursor",
            "value": 194
          },
          "end": {
            "@type": "BeginAlignedCursor",
            "value": 251
          }
        }
      },
      "data": [
        {
          "@type": "AnnotationData",
          "@id": "D3DA03F8A2",
          "set": "segmentation_annotation"
        },
        {
          "@type": "AnnotationData",
          "@id": "87FF74AB6B",
          "set": "segmentation_annotation"
        }
      ]
    },
    {
      "@type": "Annotation",
      "@id": "1F1A70A89D",
      "target": {
        "@type": "TextSelector",
        "resource": "26E4",
        "offset": {
          "@type": "Offset",
          "begin": {
            "@type": "BeginAlignedCursor",
            "value": 253
          },
          "end": {
            "@type": "BeginAlignedCursor",
            "value": 428
          }
        }
      },
      "data": [
        {
          "@type": "AnnotationData",
          "@id": "545A575D82",
          "set": "segmentation_annotation"
        },
        {
          "@type": "AnnotationData",
          "@id": "87FF74AB6B",
          "set": "segmentation_annotation"
        }
      ]
    },
    {
      "@type": "Annotation",
      "@id": "F1E1D15E97",
      "target": {
        "@type": "TextSelector",
        "resource": "26E4",
        "offset": {
          "@type": "Offset",
          "begin": {
            "@type": "BeginAlignedCursor",
            "value": 429
          },
          "end": {
            "@type": "BeginAlignedCursor",
            "value": 527
          }
        }
      },
      "data": [
        {
          "@type": "AnnotationData",
          "@id": "979BA4E3A1",
          "set": "segmentation_annotation"
        },
        {
          "@type": "AnnotationData",
          "@id": "87FF74AB6B",
          "set": "segmentation_annotation"
        }
      ]
    },
    {
      "@type": "Annotation",
      "@id": "A488B6DB90",
      "target": {
        "@type": "TextSelector",
        "resource": "26E4",
        "offset": {
          "@type": "Offset",
          "begin": {
            "@type": "BeginAlignedCursor",
            "value": 529
          },
          "end": {
            "@type": "BeginAlignedCursor",
            "value": 669
          }
        }
      },
      "data": [
        {
          "@type": "AnnotationData",
          "@id": "EC3D5D3988",
          "set": "segmentation_annotation"
        },
        {
          "@type": "AnnotationData",
          "@id": "87FF74AB6B",
          "set": "segmentation_annotation"
        }
      ]
    },
    {
      "@type": "Annotation",
      "@id": "E7388B3894",
      "target": {
        "@type": "TextSelector",
        "resource": "26E4",
        "offset": {
          "@type": "Offset",
          "begin": {
            "@type": "BeginAlignedCursor",
            "value": 670
          },
          "end": {
            "@type": "BeginAlignedCursor",
            "value": 730
          }
        }
      },
      "data": [
        {
          "@type": "AnnotationData",
          "@id": "036C43CE46",
          "set": "segmentation_annotation"
        },
        {
          "@type": "AnnotationData",
          "@id": "87FF74AB6B",
          "set": "segmentation_annotation"
        }
      ]
    },
    {
      "@type": "Annotation",
      "@id": "4161D11A1F",
      "target": {
        "@type": "TextSelector",
        "resource": "26E4",
        "offset": {
          "@type": "Offset",
          "begin": {
            "@type": "BeginAlignedCursor",
            "value": 731
          },
          "end": {
            "@type": "BeginAlignedCursor",
            "value": 731
          }
        }
      },
      "data": [
        {
          "@type": "AnnotationData",
          "@id": "B4B0FF27BD",
          "set": "segmentation_annotation"
        },
        {
          "@type": "AnnotationData",
          "@id": "87FF74AB6B",
          "set": "segmentation_annotation"
        }
      ]
    },
    {
      "@type": "Annotation",
      "@id": "2F9923EC4B",
      "target": {
        "@type": "TextSelector",
        "resource": "26E4",
        "offset": {
          "@type": "Offset",
          "begin": {
            "@type": "BeginAlignedCursor",
            "value": 732
          },
          "end": {
            "@type": "BeginAlignedCursor",
            "value": 757
          }
        }
      },
      "data": [
        {
          "@type": "AnnotationData",
          "@id": "93D223E064",
          "set": "segmentation_annotation"
        },
        {
          "@type": "AnnotationData",
          "@id": "87FF74AB6B",
          "set": "segmentation_annotation"
        }
      ]
    },
    {
      "@type": "Annotation",
      "@id": "DCC1F4F515",
      "target": {
        "@type": "TextSelector",
        "resource": "26E4",
        "offset": {
          "@type": "Offset",
          "begin": {
            "@type": "BeginAlignedCursor",
            "value": 758
          },
          "end": {
            "@type": "BeginAlignedCursor",
            "value": 861
          }
        }
      },
      "data": [
        {
          "@type": "AnnotationData",
          "@id": "A7A8BCC929",
          "set": "segmentation_annotation"
        },
        {
          "@type": "AnnotationData",
          "@id": "87FF74AB6B",
          "set": "segmentation_annotation"
        }
      ]
    },
    {
      "@type": "Annotation",
      "@id": "373AE3726E",
      "target": {
        "@type": "TextSelector",
        "resource": "26E4",
        "offset": {
          "@type": "Offset",
          "begin": {
            "@type": "BeginAlignedCursor",
            "value": 862
          },
          "end": {
            "@type": "BeginAlignedCursor",
            "value": 985
          }
        }
      },
      "data": [
        {
          "@type": "AnnotationData",
          "@id": "3ED15B89B1",
          "set": "segmentation_annotation"
        },
        {
          "@type": "AnnotationData",
          "@id": "87FF74AB6B",
          "set": "segmentation_annotation"
        }
      ]
    },
    {
      "@type": "Annotation",
      "@id": "5F4E530F8F",
      "target": {
        "@type": "TextSelector",
        "resource": "26E4",
        "offset": {
          "@type": "Offset",
          "begin": {
            "@type": "BeginAlignedCursor",
            "value": 985
          },
          "end": {
            "@type": "BeginAlignedCursor",
            "value": 1103
          }
        }
      },
      "data": [
        {
          "@type": "AnnotationData",
          "@id": "AF89F56954",
          "set": "segmentation_annotation"
        },
        {
          "@type": "AnnotationData",
          "@id": "87FF74AB6B",
          "set": "segmentation_annotation"
        }
      ]
    },
    {
      "@type": "Annotation",
      "@id": "807A8A11D8",
      "target": {
        "@type": "TextSelector",
        "resource": "26E4",
        "offset": {
          "@type": "Offset",
          "begin": {
            "@type": "BeginAlignedCursor",
            "value": 1104
          },
          "end": {
            "@type": "BeginAlignedCursor",
            "value": 1115
          }
        }
      },
      "data": [
        {
          "@type": "AnnotationData",
          "@id": "15ED8E60C6",
          "set": "segmentation_annotation"
        },
        {
          "@type": "AnnotationData",
          "@id": "87FF74AB6B",
          "set": "segmentation_annotation"
        }
      ]
    },
    {
      "@type": "Annotation",
      "@id": "6ADC8F930A",
      "target": {
        "@type": "TextSelector",
        "resource": "26E4",
        "offset": {
          "@type": "Offset",
          "begin": {
            "@type": "BeginAlignedCursor",
            "value": 1115
          },
          "end": {
            "@type": "BeginAlignedCursor",
            "value": 1321
          }
        }
      },
      "data": [
        {
          "@type": "AnnotationData",
          "@id": "667F57CC74",
          "set": "segmentation_annotation"
        },
        {
          "@type": "AnnotationData",
          "@id": "87FF74AB6B",
          "set": "segmentation_annotation"
        }
      ]
    },
    {
      "@type": "Annotation",
      "@id": "35B88A8092",
      "target": {
        "@type": "TextSelector",
        "resource": "26E4",
        "offset": {
          "@type": "Offset",
          "begin": {
            "@type": "BeginAlignedCursor",
            "value": 1323
          },
          "end": {
            "@type": "BeginAlignedCursor",
            "value": 1435
          }
        }
      },
      "data": [
        {
          "@type": "AnnotationData",
          "@id": "40E7148498",
          "set": "segmentation_annotation"
        },
        {
          "@type": "AnnotationData",
          "@id": "87FF74AB6B",
          "set": "segmentation_annotation"
        }
      ]
    },
    {
      "@type": "Annotation",
      "@id": "4665805664",
      "target": {
        "@type": "TextSelector",
        "resource": "26E4",
        "offset": {
          "@type": "Offset",
          "begin": {
            "@type": "BeginAlignedCursor",
            "value": 1437
          },
          "end": {
            "@type": "BeginAlignedCursor",
            "value": 1516
          }
        }
      },
      "data": [
        {
          "@type": "AnnotationData",
          "@id": "942A993E3C",
          "set": "segmentation_annotation"
        },
        {
          "@type": "AnnotationData",
          "@id": "87FF74AB6B",
          "set": "segmentation_annotation"
        }
      ]
    },
    {
      "@type": "Annotation",
      "@id": "9DE9A6C012",
      "target": {
        "@type": "TextSelector",
        "resource": "26E4",
        "offset": {
          "@type": "Offset",
          "begin": {
            "@type": "BeginAlignedCursor",
            "value": 1518
          },
          "end": {
            "@type": "BeginAlignedCursor",
            "value": 1667
          }
        }
      },
      "data": [
        {
          "@type": "AnnotationData",
          "@id": "D4415140D6",
          "set": "segmentation_annotation"
        },
        {
          "@type": "AnnotationData",
          "@id": "87FF74AB6B",
          "set": "segmentation_annotation"
        }
      ]
    },
    {
      "@type": "Annotation",
      "@id": "0B96507737",
      "target": {
        "@type": "TextSelector",
        "resource": "26E4",
        "offset": {
          "@type": "Offset",
          "begin": {
            "@type": "BeginAlignedCursor",
            "value": 1669
          },
          "end": {
            "@type": "BeginAlignedCursor",
            "value": 1772
          }
        }
      },
      "data": [
        {
          "@type": "AnnotationData",
          "@id": "7807AB7B07",
          "set": "segmentation_annotation"
        },
        {
          "@type": "AnnotationData",
          "@id": "87FF74AB6B",
          "set": "segmentation_annotation"
        }
      ]
    },
    {
      "@type": "Annotation",
      "@id": "3C13D19998",
      "target": {
        "@type": "TextSelector",
        "resource": "26E4",
        "offset": {
          "@type": "Offset",
          "begin": {
            "@type": "BeginAlignedCursor",
            "value": 1772
          },
          "end": {
            "@type": "BeginAlignedCursor",
            "value": 1825
          }
        }
      },
      "data": [
        {
          "@type": "AnnotationData",
          "@id": "06C10D8C94",
          "set": "segmentation_annotation"
        },
        {
          "@type": "AnnotationData",
          "@id": "87FF74AB6B",
          "set": "segmentation_annotation"
        }
      ]
    },
    {
      "@type": "Annotation",
      "@id": "4E33885048",
      "target": {
        "@type": "TextSelector",
        "resource": "26E4",
        "offset": {
          "@type": "Offset",
          "begin": {
            "@type": "BeginAlignedCursor",
            "value": 1826
          },
          "end": {
            "@type": "BeginAlignedCursor",
            "value": 1888
          }
        }
      },
      "data": [
        {
          "@type": "AnnotationData",
          "@id": "5B81BE08F4",
          "set": "segmentation_annotation"
        },
        {
          "@type": "AnnotationData",
          "@id": "87FF74AB6B",
          "set": "segmentation_annotation"
        }
      ]
    },
    {
      "@type": "Annotation",
      "@id": "B819102428",
      "target": {
        "@type": "TextSelector",
        "resource": "26E4",
        "offset": {
          "@type": "Offset",
          "begin": {
            "@type": "BeginAlignedCursor",
            "value": 1890
          },
          "end": {
            "@type": "BeginAlignedCursor",
            "value": 1976
          }
        }
      },
      "data": [
        {
          "@type": "AnnotationData",
          "@id": "D0E7793589",
          "set": "segmentation_annotation"
        },
        {
          "@type": "AnnotationData",
          "@id": "87FF74AB6B",
          "set": "segmentation_annotation"
        }
      ]
    },
    {
      "@type": "Annotation",
      "@id": "318DDB83F3",
      "target": {
        "@type": "TextSelector",
        "resource": "26E4",
        "offset": {
          "@type": "Offset",
          "begin": {
            "@type": "BeginAlignedCursor",
            "value": 1978
          },
          "end": {
            "@type": "BeginAlignedCursor",
            "value": 2057
          }
        }
      },
      "data": [
        {
          "@type": "AnnotationData",
          "@id": "39688C2B9A",
          "set": "segmentation_annotation"
        },
        {
          "@type": "AnnotationData",
          "@id": "87FF74AB6B",
          "set": "segmentation_annotation"
        }
      ]
    },
    {
      "@type": "Annotation",
      "@id": "FD475DA7C3",
      "target": {
        "@type": "TextSelector",
        "resource": "26E4",
        "offset": {
          "@type": "Offset",
          "begin": {
            "@type": "BeginAlignedCursor",
            "value": 2058
          },
          "end": {
            "@type": "BeginAlignedCursor",
            "value": 2155
          }
        }
      },
      "data": [
        {
          "@type": "AnnotationData",
          "@id": "CFDAE7C2D2",
          "set": "segmentation_annotation"
        },
        {
          "@type": "AnnotationData",
          "@id": "87FF74AB6B",
          "set": "segmentation_annotation"
        }
      ]
    },
    {
      "@type": "Annotation",
      "@id": "D34FAC5C7C",
      "target": {
        "@type": "TextSelector",
        "resource": "26E4",
        "offset": {
          "@type": "Offset",
          "begin": {
            "@type": "BeginAlignedCursor",
            "value": 2157
          },
          "end": {
            "@type": "BeginAlignedCursor",
            "value": 2366
          }
        }
      },
      "data": [
        {
          "@type": "AnnotationData",
          "@id": "B33B96730B",
          "set": "segmentation_annotation"
        },
        {
          "@type": "AnnotationData",
          "@id": "87FF74AB6B",
          "set": "segmentation_annotation"
        }
      ]
    },
    {
      "@type": "Annotation",
      "@id": "D5A72442EE",
      "target": {
        "@type": "TextSelector",
        "resource": "26E4",
        "offset": {
          "@type": "Offset",
          "begin": {
            "@type": "BeginAlignedCursor",
            "value": 2368
          },
          "end": {
            "@type": "BeginAlignedCursor",
            "value": 2527
          }
        }
      },
      "data": [
        {
          "@type": "AnnotationData",
          "@id": "D1DBA1FBB8",
          "set": "segmentation_annotation"
        },
        {
          "@type": "AnnotationData",
          "@id": "87FF74AB6B",
          "set": "segmentation_annotation"
        }
      ]
    },
    {
      "@type": "Annotation",
      "@id": "631F76488A",
      "target": {
        "@type": "TextSelector",
        "resource": "26E4",
        "offset": {
          "@type": "Offset",
          "begin": {
            "@type": "BeginAlignedCursor",
            "value": 2529
          },
          "end": {
            "@type": "BeginAlignedCursor",
            "value": 2641
          }
        }
      },
      "data": [
        {
          "@type": "AnnotationData",
          "@id": "B0842FA889",
          "set": "segmentation_annotation"
        },
        {
          "@type": "AnnotationData",
          "@id": "87FF74AB6B",
          "set": "segmentation_annotation"
        }
      ]
    },
    {
      "@type": "Annotation",
      "@id": "78A26FE911",
      "target": {
        "@type": "TextSelector",
        "resource": "26E4",
        "offset": {
          "@type": "Offset",
          "begin": {
            "@type": "BeginAlignedCursor",
            "value": 2641
          },
          "end": {
            "@type": "BeginAlignedCursor",
            "value": 2772
          }
        }
      },
      "data": [
        {
          "@type": "AnnotationData",
          "@id": "C29DDB3D74",
          "set": "segmentation_annotation"
        },
        {
          "@type": "AnnotationData",
          "@id": "87FF74AB6B",
          "set": "segmentation_annotation"
        }
      ]
    },
    {
      "@type": "Annotation",
      "@id": "940FC3B9BF",
      "target": {
        "@type": "TextSelector",
        "resource": "26E4",
        "offset": {
          "@type": "Offset",
          "begin": {
            "@type": "BeginAlignedCursor",
            "value": 2772
          },
          "end": {
            "@type": "BeginAlignedCursor",
            "value": 2821
          }
        }
      },
      "data": [
        {
          "@type": "AnnotationData",
          "@id": "797978A74A",
          "set": "segmentation_annotation"
        },
        {
          "@type": "AnnotationData",
          "@id": "87FF74AB6B",
          "set": "segmentation_annotation"
        }
      ]
    },
    {
      "@type": "Annotation",
      "@id": "2F98EB3AC6",
      "target": {
        "@type": "TextSelector",
        "resource": "26E4",
        "offset": {
          "@type": "Offset",
          "begin": {
            "@type": "BeginAlignedCursor",
            "value": 2822
          },
          "end": {
            "@type": "BeginAlignedCursor",
            "value": 2923
          }
        }
      },
      "data": [
        {
          "@type": "AnnotationData",
          "@id": "A934915634",
          "set": "segmentation_annotation"
        },
        {
          "@type": "AnnotationData",
          "@id": "87FF74AB6B",
          "set": "segmentation_annotation"
        }
      ]
    },
    {
      "@type": "Annotation",
      "@id": "42EDADB59E",
      "target": {
        "@type": "TextSelector",
        "resource": "26E4",
        "offset": {
          "@type": "Offset",
          "begin": {
            "@type": "BeginAlignedCursor",
            "value": 2925
          },
          "end": {
            "@type": "BeginAlignedCursor",
            "value": 3106
          }
        }
      },
      "data": [
        {
          "@type": "AnnotationData",
          "@id": "516EC564A2",
          "set": "segmentation_annotation"
        },
        {
          "@type": "AnnotationData",
          "@id": "87FF74AB6B",
          "set": "segmentation_annotation"
        }
      ]
    },
    {
      "@type": "Annotation",
      "@id": "4D4504F18E",
      "target": {
        "@type": "TextSelector",
        "resource": "26E4",
        "offset": {
          "@type": "Offset",
          "begin": {
            "@type": "BeginAlignedCursor",
            "value": 3107
          },
          "end": {
            "@type": "BeginAlignedCursor",
            "value": 3262
          }
        }
      },
      "data": [
        {
          "@type": "AnnotationData",
          "@id": "1F01B63F28",
          "set": "segmentation_annotation"
        },
        {
          "@type": "AnnotationData",
          "@id": "87FF74AB6B",
          "set": "segmentation_annotation"
        }
      ]
    },
    {
      "@type": "Annotation",
      "@id": "EC80278B9B",
      "target": {
        "@type": "TextSelector",
        "resource": "26E4",
        "offset": {
          "@type": "Offset",
          "begin": {
            "@type": "BeginAlignedCursor",
            "value": 3264
          },
          "end": {
            "@type": "BeginAlignedCursor",
            "value": 3548
          }
        }
      },
      "data": [
        {
          "@type": "AnnotationData",
          "@id": "3F21F2EF46",
          "set": "segmentation_annotation"
        },
        {
          "@type": "AnnotationData",
          "@id": "87FF74AB6B",
          "set": "segmentation_annotation"
        }
      ]
    },
    {
      "@type": "Annotation",
      "@id": "A239277A56",
      "target": {
        "@type": "TextSelector",
        "resource": "26E4",
        "offset": {
          "@type": "Offset",
          "begin": {
            "@type": "BeginAlignedCursor",
            "value": 3549
          },
          "end": {
            "@type": "BeginAlignedCursor",
            "value": 3605
          }
        }
      },
      "data": [
        {
          "@type": "AnnotationData",
          "@id": "0691261A51",
          "set": "segmentation_annotation"
        },
        {
          "@type": "AnnotationData",
          "@id": "87FF74AB6B",
          "set": "segmentation_annotation"
        }
      ]
    },
    {
      "@type": "Annotation",
      "@id": "A09B5BA47C",
      "target": {
        "@type": "TextSelector",
        "resource": "26E4",
        "offset": {
          "@type": "Offset",
          "begin": {
            "@type": "BeginAlignedCursor",
            "value": 3605
          },
          "end": {
            "@type": "BeginAlignedCursor",
            "value": 3605
          }
        }
      },
      "data": [
        {
          "@type": "AnnotationData",
          "@id": "4094ED8DCD",
          "set": "segmentation_annotation"
        },
        {
          "@type": "AnnotationData",
          "@id": "87FF74AB6B",
          "set": "segmentation_annotation"
        }
      ]
    },
    {
      "@type": "Annotation",
      "@id": "593104EAAE",
      "target": {
        "@type": "TextSelector",
        "resource": "26E4",
        "offset": {
          "@type": "Offset",
          "begin": {
            "@type": "BeginAlignedCursor",
            "value": 3605
          },
          "end": {
            "@type": "BeginAlignedCursor",
            "value": 3606
          }
        }
      },
      "data": [
        {
          "@type": "AnnotationData",
          "@id": "FA0A84477D",
          "set": "segmentation_annotation"
        },
        {
          "@type": "AnnotationData",
          "@id": "87FF74AB6B",
          "set": "segmentation_annotation"
        }
      ]
    }
  ]
}