{
  "@type": "AnnotationStore",
  "@id": "I999EDD0C",
  "resources": [
    {
      "@type": "TextResource",
      "@id": "26E4",
      "@include": "../../base/26E4.txt"
    }
  ],
  "annotationsets": [
    {
      "@type": "AnnotationDataSet",
      "@id": "segmentation_annotation",
      "keys": [
        {
          "@type": "DataKey",
          "@id": "root_idx_mapping"
        },
        {
          "@type": "DataKey",
          "@id": "segmentation_type"
        }
      ],
      "data": [
        {
          "@type": "AnnotationData",
          "@id": "BF292B16A4",
          "key": "root_idx_mapping",
          "value": {
            "@type": "String",
            "value": "1"
          }
        },
        {
          "@type": "AnnotationData",
          "@id": "850902255F",
          "key": "segmentation_type",
          "value": {
            "@type": "String",
            "value": "alignment"
          }
        },
        {
          "@type": "AnnotationData",
          "@id": "EBFFFBE4F8",
          "key": "root_idx_mapping",
          "value": {
            "@type": "String",
            "value": "2"
          }
        },
        {
          "@type": "AnnotationData",
          "@id": "F35F79197A",
          "key": "root_idx_mapping",
          "value": {
            "@type": "String",
            "value": "3"
          }
        },
        {
          "@type": "AnnotationData",
          "@id": "C0A75CE27C",
          "key": "root_idx_mapping",
          "value": {
            "@type": "String",
            "value": "4"
          }
        },
        {
          "@type": "AnnotationData",
          "@id": "BE6A1B8C05",
          "key": "root_idx_mapping",
          "value": {
            "@type": "String",
            "value": "5"
          }
        },
        {
          "@type": "AnnotationData",
          "@id": "60460B7C9B",
          "key": "root_idx_mapping",
          "value": {
            "@type": "String",
            "value": "6"
          }
        },
        {
          "@type": "AnnotationData",
          "@id": "C709226C86",
          "key": "root_idx_mapping",
          "value": {
            "@type": "String",
            "value": "7"
          }
        },
        {
          "@type": "AnnotationData",
          "@id": "6BA8A78C1C",
          "key": "root_idx_mapping",
          "value": {
            "@type": "String",
            "value": "8"
          }
        },
        {
          "@type": "AnnotationData",
          "@id": "196665C7F7",
          "key": "root_idx_mapping",
          "value": {
            "@type": "String",
            "value": "9"
          }
        },
        {
          "@type": "AnnotationData",
          "@id": "89F8400F3A",
          "key": "root_idx_mapping",
          "value": {
            "@type": "String",
            "value": "10"
          }
        },
        {
          "@type": "AnnotationData",
          "@id": "69EA4619A8",
          "key": "root_idx_mapping",
          "value": {
            "@type": "String",
            "value": "11"
          }
        },
        {
          "@type": "AnnotationData",
          "@id": "6AC7F33F4E",
          "key": "root_idx_mapping",
          "value": {
            "@type": "String",
            "value": "12"
          }
        },
        {
          "@type": "AnnotationData",
          "@id": "2656536B06",
          "key": "root_idx_mapping",
          "value": {
            "@type": "String",
            "value": "13"
          }
        },
        {
          "@type": "AnnotationData",
          "@id": "C4762418CC",
          "key": "root_idx_mapping",
          "value": {
            "@type": "String",
            "value": "14"
          }
        },
        {
          "@type": "AnnotationData",
          "@id": "3FB9414137",
          "key": "root_idx_mapping",
          "value": {
            "@type": "String",
            "value": "15"
          }
        },
        {
          "@type": "AnnotationData",
          "@id": "028EB1C98E",
          "key": "root_idx_mapping",
          "value": {
            "@type": "String",
            "value": "16"
          }
        },
        {
          "@type": "AnnotationData",
          "@id": "820AD92FF1",
          "key": "root_idx_mapping",
          "value": {
            "@type": "String",
            "value": "17"
          }
        },
        {
          "@type": "AnnotationData",
          "@id": "97780772B8",
          "key": "root_idx_mapping",
          "value": {
            "@type": "String",
            "value": "18"
          }
        },
        {
          "@type": "AnnotationData",
          "@id": "F668A8AAFA",
          "key": "root_idx_mapping",
          "value": {
            "@type": "String",
            "value": "19"
          }
        },
        {
          "@type": "AnnotationData",
          "@id": "E85E05E90F",
          "key": "root_idx_mapping",
          "value": {
            "@type": "String",
            "value": "20"
          }
        },
        {
          "@type": "AnnotationData",
          "@id": "655CFF6A58",
          "key": "root_idx_mapping",
          "value": {
            "@type": "String",
            "value": "21"
          }
        },
        {
          "@type": "AnnotationData",
          "@id": "AA31AE51FD",
          "key": "root_idx_mapping",
          "value": {
            "@type": "String",
            "value": "22"
          }
        },
        {
          "@type": "AnnotationData",
          "@id": "E6B32EE42B",
          "key": "root_idx_mapping",
          "value": {
            "@type": "String",
            "value": "23"
          }
        },
        {
          "@type": "AnnotationData",
          "@id": "D506E6E3E1",
          "key": "root_idx_mapping",
          "value": {
            "@type": "String",
            "value": "24"
          }
        },
        {
          "@type": "AnnotationData",
          "@id": "22053A1500",
          "key": "root_idx_mapping",
          "value": {
            "@type": "String",
            "value": "25"
          }
        },
        {
          "@type": "AnnotationData",
          "@id": "95B9199A8C",
          "key": "root_idx_mapping",
          "value": {
            "@type": "String",
            "value": "26"
          }
        },
        {
          "@type": "AnnotationData",
          "@id": "3793E44BF4",
          "key": "root_idx_mapping",
          "value": {
            "@type": "String",
            "value": "27"
          }
        },
        {
          "@type": "AnnotationData",
          "@id": "D261206B69",
          "key": "root_idx_mapping",
          "value": {
            "@type": "String",
            "value": "28"
          }
        },
        {
          "@type": "AnnotationData",
          "@id": "5FC2CFCF82",
          "key": "root_idx_mapping",
          "value": {
            "@type": "String",
            "value": "29"
          }
        }
      ]
    }
  ],
  "annotations": [
    {
      "@type": "Annotation",
      "@id": "3ECEEC6525",
      "target": {
        "@type": "TextSelector",
        "resource": "26E4",
        "offset": {
          "@type": "Offset",
          "begin": {
            "@type": "BeginAlignedCursor",
            "value": 0
          },
          "end": {
            "@type": "BeginAlignedCursor",
            "value": 54
          }
        }
      },
      "data": [
        {
          "@type": "AnnotationData",
          "@id": "BF292B16A4",
          "set": "segmentation_annotation"
        },
        {
          "@type": "AnnotationData",
          "@id": "850902255F",
          "set": "segmentation_annotation"
        }
      ]
    },
    {
      "@type": "Annotation",
      "@id": "776B81F69E",
      "target": {
        "@type": "TextSelector",
        "resource": "26E4",
        "offset": {
          "@type": "Offset",
          "begin": {
            "@type": "BeginAlignedCursor",
            "value": 55
          },
          "end": {
            "@type": "BeginAlignedCursor",
            "value": 110
          }
        }
      },
      "data": [
        {
          "@type": "AnnotationData",
          "@id": "EBFFFBE4F8",
          "set": "segmentation_annotation"
        },
        {
          "@type": "AnnotationData",
          "@id": "850902255F",
          "set": "segmentation_annotation"
        }
      ]
    },
    {
      "@type": "Annotation",
      "@id": "DBF8EBFAAA",
      "target": {
        "@type": "TextSelector",
        "resource": "26E4",
        "offset": {
          "@type": "Offset",
          "begin": {
            "@type": "BeginAlignedCursor",
            "value": 111
          },
          "end": {
            "@type": "BeginAlignedCursor",
            "value": 175
          }
        }
      },
      "data": [
        {
          "@type": "AnnotationData",
          "@id": "F35F79197A",
          "set": "segmentation_annotation"
        },
        {
          "@type": "AnnotationData",
          "@id": "850902255F",
          "set": "segmentation_annotation"
        }
      ]
    },
    {
      "@type": "Annotation",
      "@id": "A31609C9C4",
      "target": {
        "@type": "TextSelector",
        "resource": "26E4",
        "offset": {
          "@type": "Offset",
          "begin": {
            "@type": "BeginAlignedCursor",
            "value": 176
          },
          "end": {
            "@type": "BeginAlignedCursor",
            "value": 193
          }
        }
      },
      "data": [
        {
          "@type": "AnnotationData",
          "@id": "C0A75CE27C",
          "set": "segmentation_annotation"
        },
        {
          "@type": "AnnotationData",
          "@id": "850902255F",
          "set": "segmentation_annotation"
        }
      ]
    },
    {
      "@type": "Annotation",
      "@id": "0B67CC6867",
      "target": {
        "@type": "TextSelector",
        "resource": "26E4",
        "offset": {
          "@type": "Offset",
          "begin": {
            "@type": "BeginAlignedCursor",
            "value": 194
          },
          "end": {
            "@type": "BeginAlignedCursor",
            "value": 251
          }
        }
      },
      "data": [
        {
          "@type": "AnnotationData",
          "@id": "BE6A1B8C05",
          "set": "segmentation_annotation"
        },
        {
          "@type": "AnnotationData",
          "@id": "850902255F",
          "set": "segmentation_annotation"
        }
      ]
    },
    {
      "@type": "Annotation",
      "@id": "033B04103F",
      "target": {
        "@type": "TextSelector",
        "resource": "26E4",
        "offset": {
          "@type": "Offset",
          "begin": {
            "@type": "BeginAlignedCursor",
            "value": 252
          },
          "end": {
            "@type": "BeginAlignedCursor",
            "value": 287
          }
        }
      },
      "data": [
        {
          "@type": "AnnotationData",
          "@id": "60460B7C9B",
          "set": "segmentation_annotation"
        },
        {
          "@type": "AnnotationData",
          "@id": "850902255F",
          "set": "segmentation_annotation"
        }
      ]
    },
    {
      "@type": "Annotation",
      "@id": "F08140F2FD",
      "target": {
        "@type": "TextSelector",
        "resource": "26E4",
        "offset": {
          "@type": "Offset",
          "begin": {
            "@type": "BeginAlignedCursor",
            "value": 288
          },
          "end": {
            "@type": "BeginAlignedCursor",
            "value": 428
          }
        }
      },
      "data": [
        {
          "@type": "AnnotationData",
          "@id": "C709226C86",
          "set": "segmentation_annotation"
        },
        {
          "@type": "AnnotationData",
          "@id": "850902255F",
          "set": "segmentation_annotation"
        }
      ]
    },
    {
      "@type": "Annotation",
      "@id": "D114975318",
      "target": {
        "@type": "TextSelector",
        "resource": "26E4",
        "offset": {
          "@type": "Offset",
          "begin": {
            "@type": "BeginAlignedCursor",
            "value": 429
          },
          "end": {
            "@type": "BeginAlignedCursor",
            "value": 527
          }
        }
      },
      "data": [
        {
          "@type": "AnnotationData",
          "@id": "6BA8A78C1C",
          "set": "segmentation_annotation"
        },
        {
          "@type": "AnnotationData",
          "@id": "850902255F",
          "set": "segmentation_annotation"
        }
      ]
    },
    {
      "@type": "Annotation",
      "@id": "C91FAA7BDC",
      "target": {
        "@type": "TextSelector",
        "resource": "26E4",
        "offset": {
          "@type": "Offset",
          "begin": {
            "@type": "BeginAlignedCursor",
            "value": 528
          },
          "end": {
            "@type": "BeginAlignedCursor",
            "value": 669
          }
        }
      },
      "data": [
        {
          "@type": "AnnotationData",
          "@id": "196665C7F7",
          "set": "segmentation_annotation"
        },
        {
          "@type": "AnnotationData",
          "@id": "850902255F",
          "set": "segmentation_annotation"
        }
      ]
    },
    {
      "@type": "Annotation",
      "@id": "6CC9B7EC34",
      "target": {
        "@type": "TextSelector",
        "resource": "26E4",
        "offset": {
          "@type": "Offset",
          "begin": {
            "@type": "BeginAlignedCursor",
            "value": 670
          },
          "end": {
            "@type": "BeginAlignedCursor",
            "value": 730
          }
        }
      },
      "data": [
        {
          "@type": "AnnotationData",
          "@id": "89F8400F3A",
          "set": "segmentation_annotation"
        },
        {
          "@type": "AnnotationData",
          "@id": "850902255F",
          "set": "segmentation_annotation"
        }
      ]
    },
    {
      "@type": "Annotation",
      "@id": "71B5278035",
      "target": {
        "@type": "TextSelector",
        "resource": "26E4",
        "offset": {
          "@type": "Offset",
          "begin": {
            "@type": "BeginAlignedCursor",
            "value": 731
          },
          "end": {
            "@type": "BeginAlignedCursor",
            "value": 861
          }
        }
      },
      "data": [
        {
          "@type": "AnnotationData",
          "@id": "69EA4619A8",
          "set": "segmentation_annotation"
        },
        {
          "@type": "AnnotationData",
          "@id": "850902255F",
          "set": "segmentation_annotation"
        }
      ]
    },
    {
      "@type": "Annotation",
      "@id": "BF24BEBFFE",
      "target": {
        "@type": "TextSelector",
        "resource": "26E4",
        "offset": {
          "@type": "Offset",
          "begin": {
            "@type": "BeginAlignedCursor",
            "value": 862
          },
          "end": {
            "@type": "BeginAlignedCursor",
            "value": 1321
          }
        }
      },
      "data": [
        {
          "@type": "AnnotationData",
          "@id": "6AC7F33F4E",
          "set": "segmentation_annotation"
        },
        {
          "@type": "AnnotationData",
          "@id": "850902255F",
          "set": "segmentation_annotation"
        }
      ]
    },
    {
      "@type": "Annotation",
      "@id": "191E484C00",
      "target": {
        "@type": "TextSelector",
        "resource": "26E4",
        "offset": {
          "@type": "Offset",
          "begin": {
            "@type": "BeginAlignedCursor",
            "value": 1322
          },
          "end": {
            "@type": "BeginAlignedCursor",
            "value": 1363
          }
        }
      },
      "data": [
        {
          "@type": "AnnotationData",
          "@id": "2656536B06",
          "set": "segmentation_annotation"
        },
        {
          "@type": "AnnotationData",
          "@id": "850902255F",
          "set": "segmentation_annotation"
        }
      ]
    },
    {
      "@type": "Annotation",
      "@id": "2EFE231A92",
      "target": {
        "@type": "TextSelector",
        "resource": "26E4",
        "offset": {
          "@type": "Offset",
          "begin": {
            "@type": "BeginAlignedCursor",
            "value": 1364
          },
          "end": {
            "@type": "BeginAlignedCursor",
            "value": 1435
          }
        }
      },
      "data": [
        {
          "@type": "AnnotationData",
          "@id": "C4762418CC",
          "set": "segmentation_annotation"
        },
        {
          "@type": "AnnotationData",
          "@id": "850902255F",
          "set": "segmentation_annotation"
        }
      ]
    },
    {
      "@type": "Annotation",
      "@id": "D7BA4CAA37",
      "target": {
        "@type": "TextSelector",
        "resource": "26E4",
        "offset": {
          "@type": "Offset",
          "begin": {
            "@type": "BeginAlignedCursor",
            "value": 1436
          },
          "end": {
            "@type": "BeginAlignedCursor",
            "value": 1516
          }
        }
      },
      "data": [
        {
          "@type": "AnnotationData",
          "@id": "3FB9414137",
          "set": "segmentation_annotation"
        },
        {
          "@type": "AnnotationData",
          "@id": "850902255F",
          "set": "segmentation_annotation"
        }
      ]
    },
    {
      "@type": "Annotation",
      "@id": "9C7AC43A74",
      "target": {
        "@type": "TextSelector",
        "resource": "26E4",
        "offset": {
          "@type": "Offset",
          "begin": {
            "@type": "BeginAlignedCursor",
            "value": 1517
          },
          "end": {
            "@type": "BeginAlignedCursor",
            "value": 1888
          }
        }
      },
      "data": [
        {
          "@type": "AnnotationData",
          "@id": "028EB1C98E",
          "set": "segmentation_annotation"
        },
        {
          "@type": "AnnotationData",
          "@id": "850902255F",
          "set": "segmentation_annotation"
        }
      ]
    },
    {
      "@type": "Annotation",
      "@id": "48AE7C438A",
      "target": {
        "@type": "TextSelector",
        "resource": "26E4",
        "offset": {
          "@type": "Offset",
          "begin": {
            "@type": "BeginAlignedCursor",
            "value": 1889
          },
          "end": {
            "@type": "BeginAlignedCursor",
            "value": 1976
          }
        }
      },
      "data": [
        {
          "@type": "AnnotationData",
          "@id": "820AD92FF1",
          "set": "segmentation_annotation"
        },
        {
          "@type": "AnnotationData",
          "@id": "850902255F",
          "set": "segmentation_annotation"
        }
      ]
    },
    {
      "@type": "Annotation",
      "@id": "287DC44995",
      "target": {
        "@type": "TextSelector",
        "resource": "26E4",
        "offset": {
          "@type": "Offset",
          "begin": {
            "@type": "BeginAlignedCursor",
            "value": 1978
          },
          "end": {
            "@type": "BeginAlignedCursor",
            "value": 2155
          }
        }
      },
      "data": [
        {
          "@type": "AnnotationData",
          "@id": "97780772B8",
          "set": "segmentation_annotation"
        },
        {
          "@type": "AnnotationData",
          "@id": "850902255F",
          "set": "segmentation_annotation"
        }
      ]
    },
    {
      "@type": "Annotation",
      "@id": "B74D020647",
      "target": {
        "@type": "TextSelector",
        "resource": "26E4",
        "offset": {
          "@type": "Offset",
          "begin": {
            "@type": "BeginAlignedCursor",
            "value": 2156
          },
          "end": {
            "@type": "BeginAlignedCursor",
            "value": 2269
          }
        }
      },
      "data": [
        {
          "@type": "AnnotationData",
          "@id": "F668A8AAFA",
          "set": "segmentation_annotation"
        },
        {
          "@type": "AnnotationData",
          "@id": "850902255F",
          "set": "segmentation_annotation"
        }
      ]
    },
    {
      "@type": "Annotation",
      "@id": "4DB37A7844",
      "target": {
        "@type": "TextSelector",
        "resource": "26E4",
        "offset": {
          "@type": "Offset",
          "begin": {
            "@type": "BeginAlignedCursor",
            "value": 2270
          },
          "end": {
            "@type": "BeginAlignedCursor",
            "value": 2366
          }
        }
      },
      "data": [
        {
          "@type": "AnnotationData",
          "@id": "E85E05E90F",
          "set": "segmentation_annotation"
        },
        {
          "@type": "AnnotationData",
          "@id": "850902255F",
          "set": "segmentation_annotation"
        }
      ]
    },
    {
      "@type": "Annotation",
      "@id": "AAC18A3C6A",
      "target": {
        "@type": "TextSelector",
        "resource": "26E4",
        "offset": {
          "@type": "Offset",
          "begin": {
            "@type": "BeginAlignedCursor",
            "value": 2367
          },
          "end": {
            "@type": "BeginAlignedCursor",
            "value": 2527
          }
        }
      },
      "data": [
        {
          "@type": "AnnotationData",
          "@id": "655CFF6A58",
          "set": "segmentation_annotation"
        },
        {
          "@type": "AnnotationData",
          "@id": "850902255F",
          "set": "segmentation_annotation"
        }
      ]
    },
    {
      "@type": "Annotation",
      "@id": "E85B5C34AA",
      "target": {
        "@type": "TextSelector",
        "resource": "26E4",
        "offset": {
          "@type": "Offset",
          "begin": {
            "@type": "BeginAlignedCursor",
            "value": 2528
          },
          "end": {
            "@type": "BeginAlignedCursor",
            "value": 2763
          }
        }
      },
      "data": [
        {
          "@type": "AnnotationData",
          "@id": "AA31AE51FD",
          "set": "segmentation_annotation"
        },
        {
          "@type": "AnnotationData",
          "@id": "850902255F",
          "set": "segmentation_annotation"
        }
      ]
    },
    {
      "@type": "Annotation",
      "@id": "00E6F272CD",
      "target": {
        "@type": "TextSelector",
        "resource": "26E4",
        "offset": {
          "@type": "Offset",
          "begin": {
            "@type": "BeginAlignedCursor",
            "value": 2764
          },
          "end": {
            "@type": "BeginAlignedCursor",
            "value": 2821
          }
        }
      },
      "data": [
        {
          "@type": "AnnotationData",
          "@id": "E6B32EE42B",
          "set": "segmentation_annotation"
        },
        {
          "@type": "AnnotationData",
          "@id": "850902255F",
          "set": "segmentation_annotation"
        }
      ]
    },
    {
      "@type": "Annotation",
      "@id": "4ECE6E4E4E",
      "target": {
        "@type": "TextSelector",
        "resource": "26E4",
        "offset": {
          "@type": "Offset",
          "begin": {
            "@type": "BeginAlignedCursor",
            "value": 2822
          },
          "end": {
            "@type": "BeginAlignedCursor",
            "value": 2923
          }
        }
      },
      "data": [
        {
          "@type": "AnnotationData",
          "@id": "D506E6E3E1",
          "set": "segmentation_annotation"
        },
        {
          "@type": "AnnotationData",
          "@id": "850902255F",
          "set": "segmentation_annotation"
        }
      ]
    },
    {
      "@type": "Annotation",
      "@id": "DF6CEABD8B",
      "target": {
        "@type": "TextSelector",
        "resource": "26E4",
        "offset": {
          "@type": "Offset",
          "begin": {
            "@type": "BeginAlignedCursor",
            "value": 2924
          },
          "end": {
            "@type": "BeginAlignedCursor",
            "value": 3106
          }
        }
      },
      "data": [
        {
          "@type": "AnnotationData",
          "@id": "22053A1500",
          "set": "segmentation_annotation"
        },
        {
          "@type": "AnnotationData",
          "@id": "850902255F",
          "set": "segmentation_annotation"
        }
      ]
    },
    {
      "@type": "Annotation",
      "@id": "D4B21B2984",
      "target": {
        "@type": "TextSelector",
        "resource": "26E4",
        "offset": {
          "@type": "Offset",
          "begin": {
            "@type": "BeginAlignedCursor",
            "value": 3107
          },
          "end": {
            "@type": "BeginAlignedCursor",
            "value": 3262
          }
        }
      },
      "data": [
        {
          "@type": "AnnotationData",
          "@id": "95B9199A8C",
          "set": "segmentation_annotation"
        },
        {
          "@type": "AnnotationData",
          "@id": "850902255F",
          "set": "segmentation_annotation"
        }
      ]
    },
    {
      "@type": "Annotation",
      "@id": "F9F491B64A",
      "target": {
        "@type": "TextSelector",
        "resource": "26E4",
        "offset": {
          "@type": "Offset",
          "begin": {
            "@type": "BeginAlignedCursor",
            "value": 3263
          },
          "end": {
            "@type": "BeginAlignedCursor",
            "value": 3305
          }
        }
      },
      "data": [
        {
          "@type": "AnnotationData",
          "@id": "3793E44BF4",
          "set": "segmentation_annotation"
        },
        {
          "@type": "AnnotationData",
          "@id": "850902255F",
          "set": "segmentation_annotation"
        }
      ]
    },
    {
      "@type": "Annotation",
      "@id": "44C226C381",
      "target": {
        "@type": "TextSelector",
        "resource": "26E4",
        "offset": {
          "@type": "Offset",
          "begin": {
            "@type": "BeginAlignedCursor",
            "value": 3306
          },
          "end": {
            "@type": "BeginAlignedCursor",
            "value": 3548
          }
        }
      },
      "data": [
        {
          "@type": "AnnotationData",
          "@id": "D261206B69",
          "set": "segmentation_annotation"
        },
        {
          "@type": "AnnotationData",
          "@id": "850902255F",
          "set": "segmentation_annotation"
        }
      ]
    },
    {
      "@type": "Annotation",
      "@id": "DA76E9C6A5",
      "target": {
        "@type": "TextSelector",
        "resource": "26E4",
        "offset": {
          "@type": "Offset",
          "begin": {
            "@type": "BeginAlignedCursor",
            "value": 3549
          },
          "end": {
            "@type": "BeginAlignedCursor",
            "value": 3606
          }
        }
      },
      "data": [
        {
          "@type": "AnnotationData",
          "@id": "5FC2CFCF82",
          "set": "segmentation_annotation"
        },
        {
          "@type": "AnnotationData",
          "@id": "850902255F",
          "set": "segmentation_annotation"
        }
      ]
    }
  ]
}