{
  "@type": "AnnotationStore",
  "@id": "I999EDD0C",
  "resources": [
    {
      "@type": "TextResource",
      "@id": "26E4",
      "@include": "../../base/26E4.txt"
    }
  ],
  "annotationsets": [
    {
      "@type": "AnnotationDataSet",
      "@id": "segmentation_annotation",
      "keys": [
        {
          "@type": "DataKey",
          "@id": "root_idx_mapping"
        },
        {
          "@type": "DataKey",
          "@id": "segmentation_type"
        }
      ],
      "data": [
        {
          "@type": "AnnotationData",
          "@id": "0D899261D1",
          "key": "root_idx_mapping",
          "value": {
            "@type": "String",
            "value": "1"
          }
        },
        {
          "@type": "AnnotationData",
          "@id": "4121A7D9D5",
          "key": "segmentation_type",
          "value": {
            "@type": "String",
            "value": "alignment"
          }
        },
        {
          "@type": "AnnotationData",
          "@id": "0499099899",
          "key": "root_idx_mapping",
          "value": {
            "@type": "String",
            "value": "2"
          }
        },
        {
          "@type": "AnnotationData",
          "@id": "72C70CB4D4",
          "key": "root_idx_mapping",
          "value": {
            "@type": "String",
            "value": "3"
          }
        },
        {
          "@type": "AnnotationData",
          "@id": "0D199B75C1",
          "key": "root_idx_mapping",
          "value": {
            "@type": "String",
            "value": "4"
          }
        },
        {
          "@type": "AnnotationData",
          "@id": "3ED3461059",
          "key": "root_idx_mapping",
          "value": {
            "@type": "String",
            "value": "5"
          }
        },
        {
          "@type": "AnnotationData",
          "@id": "155ED669E6",
          "key": "root_idx_mapping",
          "value": {
            "@type": "String",
            "value": "6"
          }
        },
        {
          "@type": "AnnotationData",
          "@id": "B1B5BABB33",
          "key": "root_idx_mapping",
          "value": {
            "@type": "String",
            "value": "7"
          }
        },
        {
          "@type": "AnnotationData",
          "@id": "8C380DE8D5",
          "key": "root_idx_mapping",
          "value": {
            "@type": "String",
            "value": "8"
          }
        },
        {
          "@type": "AnnotationData",
          "@id": "A8CACD05A0",
          "key": "root_idx_mapping",
          "value": {
            "@type": "String",
            "value": "9"
          }
        },
        {
          "@type": "AnnotationData",
          "@id": "9799627A27",
          "key": "root_idx_mapping",
          "value": {
            "@type": "String",
            "value": "10"
          }
        },
        {
          "@type": "AnnotationData",
          "@id": "9E14E4FDEA",
          "key": "root_idx_mapping",
          "value": {
            "@type": "String",
            "value": "11"
          }
        },
        {
          "@type": "AnnotationData",
          "@id": "549914B992",
          "key": "root_idx_mapping",
          "value": {
            "@type": "String",
            "value": "12"
          }
        },
        {
          "@type": "AnnotationData",
          "@id": "7C990487B9",
          "key": "root_idx_mapping",
          "value": {
            "@type": "String",
            "value": "13"
          }
        },
        {
          "@type": "AnnotationData",
          "@id": "8C402EDB26",
          "key": "root_idx_mapping",
          "value": {
            "@type": "String",
            "value": "14"
          }
        },
        {
          "@type": "AnnotationData",
          "@id": "42CEBE1384",
          "key": "root_idx_mapping",
          "value": {
            "@type": "String",
            "value": "15"
          }
        },
        {
          "@type": "AnnotationData",
          "@id": "AE677C4A85",
          "key": "root_idx_mapping",
          "value": {
            "@type": "String",
            "value": "16"
          }
        },
        {
          "@type": "AnnotationData",
          "@id": "801ABBC76F",
          "key": "root_idx_mapping",
          "value": {
            "@type": "String",
            "value": "17"
          }
        },
        {
          "@type": "AnnotationData",
          "@id": "D044ACDEEC",
          "key": "root_idx_mapping",
          "value": {
            "@type": "String",
            "value": "18"
          }
        },
        {
          "@type": "AnnotationData",
          "@id": "C1E4B82EA1",
          "key": "root_idx_mapping",
          "value": {
            "@type": "String",
            "value": "19"
          }
        },
        {
          "@type": "AnnotationData",
          "@id": "ED94E72057",
          "key": "root_idx_mapping",
          "value": {
            "@type": "String",
            "value": "20"
          }
        },
        {
          "@type": "AnnotationData",
          "@id": "44CA6EC7C7",
          "key": "root_idx_mapping",
          "value": {
            "@type": "String",
            "value": "21"
          }
        },
        {
          "@type": "AnnotationData",
          "@id": "E2927FF9A8",
          "key": "root_idx_mapping",
          "value": {
            "@type": "String",
            "value": "22"
          }
        },
        {
          "@type": "AnnotationData",
          "@id": "C31D537FCC",
          "key": "root_idx_mapping",
          "value": {
            "@type": "String",
            "value": "23"
          }
        },
        {
          "@type": "AnnotationData",
          "@id": "4A9B008274",
          "key": "root_idx_mapping",
          "value": {
            "@type": "String",
            "value": "24"
          }
        },
        {
          "@type": "AnnotationData",
          "@id": "208BBB94DA",
          "key": "root_idx_mapping",
          "value": {
            "@type": "String",
            "value": "25"
          }
        },
        {
          "@type": "AnnotationData",
          "@id": "6AAF3992DA",
          "key": "root_idx_mapping",
          "value": {
            "@type": "String",
            "value": "26"
          }
        },
        {
          "@type": "AnnotationData",
          "@id": "44B4845B7E",
          "key": "root_idx_mapping",
          "value": {
            "@type": "String",
            "value": "27"
          }
        },
        {
          "@type": "AnnotationData",
          "@id": "643C929FC2",
          "key": "root_idx_mapping",
          "value": {
            "@type": "String",
            "value": "28"
          }
        },
        {
          "@type": "AnnotationData",
          "@id": "0CBB89A1BA",
          "key": "root_idx_mapping",
          "value": {
            "@type": "String",
            "value": "29"
          }
        },
        {
          "@type": "AnnotationData",
          "@id": "C4F574E6CF",
          "key": "root_idx_mapping",
          "value": {
            "@type": "String",
            "value": "30"
          }
        },
        {
          "@type": "AnnotationData",
          "@id": "E4A64DFA49",
          "key": "root_idx_mapping",
          "value": {
            "@type": "String",
            "value": "31"
          }
        },
        {
          "@type": "AnnotationData",
          "@id": "7BCB32D976",
          "key": "root_idx_mapping",
          "value": {
            "@type": "String",
            "value": "32"
          }
        },
        {
          "@type": "AnnotationData",
          "@id": "1DF42000A0",
          "key": "root_idx_mapping",
          "value": {
            "@type": "String",
            "value": "33"
          }
        },
        {
          "@type": "AnnotationData",
          "@id": "8D45558B89",
          "key": "root_idx_mapping",
          "value": {
            "@type": "String",
            "value": "34"
          }
        },
        {
          "@type": "AnnotationData",
          "@id": "FDE72C20C4",
          "key": "root_idx_mapping",
          "value": {
            "@type": "String",
            "value": "35"
          }
        },
        {
          "@type": "AnnotationData",
          "@id": "A6866696E4",
          "key": "root_idx_mapping",
          "value": {
            "@type": "String",
            "value": "36"
          }
        },
        {
          "@type": "AnnotationData",
          "@id": "881785B157",
          "key": "root_idx_mapping",
          "value": {
            "@type": "String",
            "value": "37"
          }
        },
        {
          "@type": "AnnotationData",
          "@id": "BD525B5F2B",
          "key": "root_idx_mapping",
          "value": {
            "@type": "String",
            "value": "38"
          }
        },
        {
          "@type": "AnnotationData",
          "@id": "75A1E6E888",
          "key": "root_idx_mapping",
          "value": {
            "@type": "String",
            "value": "39"
          }
        },
        {
          "@type": "AnnotationData",
          "@id": "AFF1595F59",
          "key": "root_idx_mapping",
          "value": {
            "@type": "String",
            "value": "40"
          }
        },
        {
          "@type": "AnnotationData",
          "@id": "0C184B14AE",
          "key": "root_idx_mapping",
          "value": {
            "@type": "String",
            "value": "41"
          }
        },
        {
          "@type": "AnnotationData",
          "@id": "D212D2A4DA",
          "key": "root_idx_mapping",
          "value": {
            "@type": "String",
            "value": "42"
          }
        },
        {
          "@type": "AnnotationData",
          "@id": "FBA2347585",
          "key": "root_idx_mapping",
          "value": {
            "@type": "String",
            "value": "43"
          }
        },
        {
          "@type": "AnnotationData",
          "@id": "795D506401",
          "key": "root_idx_mapping",
          "value": {
            "@type": "String",
            "value": "44"
          }
        },
        {
          "@type": "AnnotationData",
          "@id": "E500479AAC",
          "key": "root_idx_mapping",
          "value": {
            "@type": "String",
            "value": "45"
          }
        },
        {
          "@type": "AnnotationData",
          "@id": "FA787E858F",
          "key": "root_idx_mapping",
          "value": {
            "@type": "String",
            "value": "46"
          }
        },
        {
          "@type": "AnnotationData",
          "@id": "B77D278896",
          "key": "root_idx_mapping",
          "value": {
            "@type": "String",
            "value": "47"
          }
        },
        {
          "@type": "AnnotationData",
          "@id": "6361330006",
          "key": "root_idx_mapping",
          "value": {
            "@type": "String",
            "value": "48"
          }
        },
        {
          "@type": "AnnotationData",
          "@id": "5D9F95D6D5",
          "key": "root_idx_mapping",
          "value": {
            "@type": "String",
            "value": "49"
          }
        },
        {
          "@type": "AnnotationData",
          "@id": "CBACBC5F23",
          "key": "root_idx_mapping",
          "value": {
            "@type": "String",
            "value": "50"
          }
        },
        {
          "@type": "AnnotationData",
          "@id": "9D76DA4BF9",
          "key": "root_idx_mapping",
          "value": {
            "@type": "String",
            "value": "51"
          }
        },
        {
          "@type": "AnnotationData",
          "@id": "9924CCB9AE",
          "key": "root_idx_mapping",
          "value": {
            "@type": "String",
            "value": "52"
          }
        },
        {
          "@type": "AnnotationData",
          "@id": "60E6B4679C",
          "key": "root_idx_mapping",
          "value": {
            "@type": "String",
            "value": "53"
          }
        },
        {
          "@type": "AnnotationData",
          "@id": "81D48E4E2A",
          "key": "root_idx_mapping",
          "value": {
            "@type": "String",
            "value": "54"
          }
        },
        {
          "@type": "AnnotationData",
          "@id": "4E11B284FB",
          "key": "root_idx_mapping",
          "value": {
            "@type": "String",
            "value": "55"
          }
        },
        {
          "@type": "AnnotationData",
          "@id": "8187A685B0",
          "key": "root_idx_mapping",
          "value": {
            "@type": "String",
            "value": "56"
          }
        },
        {
          "@type": "AnnotationData",
          "@id": "9987269BC7",
          "key": "root_idx_mapping",
          "value": {
            "@type": "String",
            "value": "57"
          }
        },
        {
          "@type": "AnnotationData",
          "@id": "350E3FF4D6",
          "key": "root_idx_mapping",
          "value": {
            "@type": "String",
            "value": "58"
          }
        },
        {
          "@type": "AnnotationData",
          "@id": "526BC51741",
          "key": "root_idx_mapping",
          "value": {
            "@type": "String",
            "value": "59"
          }
        },
        {
          "@type": "AnnotationData",
          "@id": "5440A60963",
          "key": "root_idx_mapping",
          "value": {
            "@type": "String",
            "value": "60"
          }
        },
        {
          "@type": "AnnotationData",
          "@id": "450F998B94",
          "key": "root_idx_mapping",
          "value": {
            "@type": "String",
            "value": "61"
          }
        },
        {
          "@type": "AnnotationData",
          "@id": "5FBB453BFF",
          "key": "root_idx_mapping",
          "value": {
            "@type": "String",
            "value": "62"
          }
        },
        {
          "@type": "AnnotationData",
          "@id": "2FDD7710CA",
          "key": "root_idx_mapping",
          "value": {
            "@type": "String",
            "value": "63"
          }
        },
        {
          "@type": "AnnotationData",
          "@id": "B9DB37D782",
          "key": "root_idx_mapping",
          "value": {
            "@type": "String",
            "value": "64"
          }
        },
        {
          "@type": "AnnotationData",
          "@id": "6B84837297",
          "key": "root_idx_mapping",
          "value": {
            "@type": "String",
            "value": "65"
          }
        },
        {
          "@type": "AnnotationData",
          "@id": "C6A56AD454",
          "key": "root_idx_mapping",
          "value": {
            "@type": "String",
            "value": "66"
          }
        },
        {
          "@type": "AnnotationData",
          "@id": "45F3B32D34",
          "key": "root_idx_mapping",
          "value": {
            "@type": "String",
            "value": "67"
          }
        },
        {
          "@type": "AnnotationData",
          "@id": "F125297A0F",
          "key": "root_idx_mapping",
          "value": {
            "@type": "String",
            "value": "68"
          }
        },
        {
          "@type": "AnnotationData",
          "@id": "4E918F934D",
          "key": "root_idx_mapping",
          "value": {
            "@type": "String",
            "value": "69"
          }
        },
        {
          "@type": "AnnotationData",
          "@id": "87BF170CCB",
          "key": "root_idx_mapping",
          "value": {
            "@type": "String",
            "value": "70"
          }
        },
        {
          "@type": "AnnotationData",
          "@id": "0DCAB2C559",
          "key": "root_idx_mapping",
          "value": {
            "@type": "String",
            "value": "71"
          }
        },
        {
          "@type": "AnnotationData",
          "@id": "6EBD1B1057",
          "key": "root_idx_mapping",
          "value": {
            "@type": "String",
            "value": "72"
          }
        },
        {
          "@type": "AnnotationData",
          "@id": "5D4DB49858",
          "key": "root_idx_mapping",
          "value": {
            "@type": "String",
            "value": "73"
          }
        },
        {
          "@type": "AnnotationData",
          "@id": "36E4F8E3CF",
          "key": "root_idx_mapping",
          "value": {
            "@type": "String",
            "value": "74"
          }
        },
        {
          "@type": "AnnotationData",
          "@id": "0745C6D74C",
          "key": "root_idx_mapping",
          "value": {
            "@type": "String",
            "value": "75"
          }
        },
        {
          "@type": "AnnotationData",
          "@id": "024384B369",
          "key": "root_idx_mapping",
          "value": {
            "@type": "String",
            "value": "76"
          }
        },
        {
          "@type": "AnnotationData",
          "@id": "4B47D57248",
          "key": "root_idx_mapping",
          "value": {
            "@type": "String",
            "value": "77"
          }
        },
        {
          "@type": "AnnotationData",
          "@id": "11ED5EA814",
          "key": "root_idx_mapping",
          "value": {
            "@type": "String",
            "value": "78"
          }
        },
        {
          "@type": "AnnotationData",
          "@id": "47CDB12C9F",
          "key": "root_idx_mapping",
          "value": {
            "@type": "String",
            "value": "79"
          }
        },
        {
          "@type": "AnnotationData",
          "@id": "DB04D16786",
          "key": "root_idx_mapping",
          "value": {
            "@type": "String",
            "value": "80"
          }
        },
        {
          "@type": "AnnotationData",
          "@id": "7A887A77F4",
          "key": "root_idx_mapping",
          "value": {
            "@type": "String",
            "value": "81"
          }
        },
        {
          "@type": "AnnotationData",
          "@id": "C820C685ED",
          "key": "root_idx_mapping",
          "value": {
            "@type": "String",
            "value": "82"
          }
        },
        {
          "@type": "AnnotationData",
          "@id": "425A535FAE",
          "key": "root_idx_mapping",
          "value": {
            "@type": "String",
            "value": "83"
          }
        }
      ]
    }
  ],
  "annotations": [
    {
      "@type": "Annotation",
      "@id": "462604FD42",
      "target": {
        "@type": "TextSelector",
        "resource": "26E4",
        "offset": {
          "@type": "Offset",
          "begin": {
            "@type": "BeginAlignedCursor",
            "value": 0
          },
          "end": {
            "@type": "BeginAlignedCursor",
            "value": 54
          }
        }
      },
      "data": [
        {
          "@type": "AnnotationData",
          "@id": "0D899261D1",
          "set": "segmentation_annotation"
        },
        {
          "@type": "AnnotationData",
          "@id": "4121A7D9D5",
          "set": "segmentation_annotation"
        }
      ]
    },
    {
      "@type": "Annotation",
      "@id": "DD54DD50DC",
      "target": {
        "@type": "TextSelector",
        "resource": "26E4",
        "offset": {
          "@type": "Offset",
          "begin": {
            "@type": "BeginAlignedCursor",
            "value": 55
          },
          "end": {
            "@type": "BeginAlignedCursor",
            "value": 55
          }
        }
      },
      "data": [
        {
          "@type": "AnnotationData",
          "@id": "0499099899",
          "set": "segmentation_annotation"
        },
        {
          "@type": "AnnotationData",
          "@id": "4121A7D9D5",
          "set": "segmentation_annotation"
        }
      ]
    },
    {
      "@type": "Annotation",
      "@id": "9712E62299",
      "target": {
        "@type": "TextSelector",
        "resource": "26E4",
        "offset": {
          "@type": "Offset",
          "begin": {
            "@type": "BeginAlignedCursor",
            "value": 55
          },
          "end": {
            "@type": "BeginAlignedCursor",
            "value": 110
          }
        }
      },
      "data": [
        {
          "@type": "AnnotationData",
          "@id": "72C70CB4D4",
          "set": "segmentation_annotation"
        },
        {
          "@type": "AnnotationData",
          "@id": "4121A7D9D5",
          "set": "segmentation_annotation"
        }
      ]
    },
    {
      "@type": "Annotation",
      "@id": "E49DFEDAED",
      "target": {
        "@type": "TextSelector",
        "resource": "26E4",
        "offset": {
          "@type": "Offset",
          "begin": {
            "@type": "BeginAlignedCursor",
            "value": 110
          },
          "end": {
            "@type": "BeginAlignedCursor",
            "value": 110
          }
        }
      },
      "data": [
        {
          "@type": "AnnotationData",
          "@id": "0D199B75C1",
          "set": "segmentation_annotation"
        },
        {
          "@type": "AnnotationData",
          "@id": "4121A7D9D5",
          "set": "segmentation_annotation"
        }
      ]
    },
    {
      "@type": "Annotation",
      "@id": "245F4D4434",
      "target": {
        "@type": "TextSelector",
        "resource": "26E4",
        "offset": {
          "@type": "Offset",
          "begin": {
            "@type": "BeginAlignedCursor",
            "value": 111
          },
          "end": {
            "@type": "BeginAlignedCursor",
            "value": 175
          }
        }
      },
      "data": [
        {
          "@type": "AnnotationData",
          "@id": "3ED3461059",
          "set": "segmentation_annotation"
        },
        {
          "@type": "AnnotationData",
          "@id": "4121A7D9D5",
          "set": "segmentation_annotation"
        }
      ]
    },
    {
      "@type": "Annotation",
      "@id": "48908888A9",
      "target": {
        "@type": "TextSelector",
        "resource": "26E4",
        "offset": {
          "@type": "Offset",
          "begin": {
            "@type": "BeginAlignedCursor",
            "value": 177
          },
          "end": {
            "@type": "BeginAlignedCursor",
            "value": 193
          }
        }
      },
      "data": [
        {
          "@type": "AnnotationData",
          "@id": "155ED669E6",
          "set": "segmentation_annotation"
        },
        {
          "@type": "AnnotationData",
          "@id": "4121A7D9D5",
          "set": "segmentation_annotation"
        }
      ]
    },
    {
      "@type": "Annotation",
      "@id": "5341323CDC",
      "target": {
        "@type": "TextSelector",
        "resource": "26E4",
        "offset": {
          "@type": "Offset",
          "begin": {
            "@type": "BeginAlignedCursor",
            "value": 194
          },
          "end": {
            "@type": "BeginAlignedCursor",
            "value": 251
          }
        }
      },
      "data": [
        {
          "@type": "AnnotationData",
          "@id": "B1B5BABB33",
          "set": "segmentation_annotation"
        },
        {
          "@type": "AnnotationData",
          "@id": "4121A7D9D5",
          "set": "segmentation_annotation"
        }
      ]
    },
    {
      "@type": "Annotation",
      "@id": "3212BE7A72",
      "target": {
        "@type": "TextSelector",
        "resource": "26E4",
        "offset": {
          "@type": "Offset",
          "begin": {
            "@type": "BeginAlignedCursor",
            "value": 252
          },
          "end": {
            "@type": "BeginAlignedCursor",
            "value": 428
          }
        }
      },
      "data": [
        {
          "@type": "AnnotationData",
          "@id": "8C380DE8D5",
          "set": "segmentation_annotation"
        },
        {
          "@type": "AnnotationData",
          "@id": "4121A7D9D5",
          "set": "segmentation_annotation"
        }
      ]
    },
    {
      "@type": "Annotation",
      "@id": "5405578174",
      "target": {
        "@type": "TextSelector",
        "resource": "26E4",
        "offset": {
          "@type": "Offset",
          "begin": {
            "@type": "BeginAlignedCursor",
            "value": 429
          },
          "end": {
            "@type": "BeginAlignedCursor",
            "value": 527
          }
        }
      },
      "data": [
        {
          "@type": "AnnotationData",
          "@id": "A8CACD05A0",
          "set": "segmentation_annotation"
        },
        {
          "@type": "AnnotationData",
          "@id": "4121A7D9D5",
          "set": "segmentation_annotation"
        }
      ]
    },
    {
      "@type": "Annotation",
      "@id": "CF5A6E3E7E",
      "target": {
        "@type": "TextSelector",
        "resource": "26E4",
        "offset": {
          "@type": "Offset",
          "begin": {
            "@type": "BeginAlignedCursor",
            "value": 528
          },
          "end": {
            "@type": "BeginAlignedCursor",
            "value": 669
          }
        }
      },
      "data": [
        {
          "@type": "AnnotationData",
          "@id": "9799627A27",
          "set": "segmentation_annotation"
        },
        {
          "@type": "AnnotationData",
          "@id": "4121A7D9D5",
          "set": "segmentation_annotation"
        }
      ]
    },
    {
      "@type": "Annotation",
      "@id": "4B8AAB4048",
      "target": {
        "@type": "TextSelector",
        "resource": "26E4",
        "offset": {
          "@type": "Offset",
          "begin": {
            "@type": "BeginAlignedCursor",
            "value": 670
          },
          "end": {
            "@type": "BeginAlignedCursor",
            "value": 730
          }
        }
      },
      "data": [
        {
          "@type": "AnnotationData",
          "@id": "9E14E4FDEA",
          "set": "segmentation_annotation"
        },
        {
          "@type": "AnnotationData",
          "@id": "4121A7D9D5",
          "set": "segmentation_annotation"
        }
      ]
    },
    {
      "@type": "Annotation",
      "@id": "74D0077E46",
      "target": {
        "@type": "TextSelector",
        "resource": "26E4",
        "offset": {
          "@type": "Offset",
          "begin": {
            "@type": "BeginAlignedCursor",
            "value": 731
          },
          "end": {
            "@type": "BeginAlignedCursor",
            "value": 861
          }
        }
      },
      "data": [
        {
          "@type": "AnnotationData",
          "@id": "549914B992",
          "set": "segmentation_annotation"
        },
        {
          "@type": "AnnotationData",
          "@id": "4121A7D9D5",
          "set": "segmentation_annotation"
        }
      ]
    },
    {
      "@type": "Annotation",
      "@id": "64383BCF96",
      "target": {
        "@type": "TextSelector",
        "resource": "26E4",
        "offset": {
          "@type": "Offset",
          "begin": {
            "@type": "BeginAlignedCursor",
            "value": 862
          },
          "end": {
            "@type": "BeginAlignedCursor",
            "value": 962
          }
        }
      },
      "data": [
        {
          "@type": "AnnotationData",
          "@id": "7C990487B9",
          "set": "segmentation_annotation"
        },
        {
          "@type": "AnnotationData",
          "@id": "4121A7D9D5",
          "set": "segmentation_annotation"
        }
      ]
    },
    {
      "@type": "Annotation",
      "@id": "45BB05510D",
      "target": {
        "@type": "TextSelector",
        "resource": "26E4",
        "offset": {
          "@type": "Offset",
          "begin": {
            "@type": "BeginAlignedCursor",
            "value": 962
          },
          "end": {
            "@type": "BeginAlignedCursor",
            "value": 1103
          }
        }
      },
      "data": [
        {
          "@type": "AnnotationData",
          "@id": "8C402EDB26",
          "set": "segmentation_annotation"
        },
        {
          "@type": "AnnotationData",
          "@id": "4121A7D9D5",
          "set": "segmentation_annotation"
        }
      ]
    },
    {
      "@type": "Annotation",
      "@id": "3D86A289E5",
      "target": {
        "@type": "TextSelector",
        "resource": "26E4",
        "offset": {
          "@type": "Offset",
          "begin": {
            "@type": "BeginAlignedCursor",
            "value": 1103
          },
          "end": {
            "@type": "BeginAlignedCursor",
            "value": 1244
          }
        }
      },
      "data": [
        {
          "@type": "AnnotationData",
          "@id": "42CEBE1384",
          "set": "segmentation_annotation"
        },
        {
          "@type": "AnnotationData",
          "@id": "4121A7D9D5",
          "set": "segmentation_annotation"
        }
      ]
    },
    {
      "@type": "Annotation",
      "@id": "6DEABF7A2B",
      "target": {
        "@type": "TextSelector",
        "resource": "26E4",
        "offset": {
          "@type": "Offset",
          "begin": {
            "@type": "BeginAlignedCursor",
            "value": 1244
          },
          "end": {
            "@type": "BeginAlignedCursor",
            "value": 1321
          }
        }
      },
      "data": [
        {
          "@type": "AnnotationData",
          "@id": "AE677C4A85",
          "set": "segmentation_annotation"
        },
        {
          "@type": "AnnotationData",
          "@id": "4121A7D9D5",
          "set": "segmentation_annotation"
        }
      ]
    },
    {
      "@type": "Annotation",
      "@id": "1D86AB0AF1",
      "target": {
        "@type": "TextSelector",
        "resource": "26E4",
        "offset": {
          "@type": "Offset",
          "begin": {
            "@type": "BeginAlignedCursor",
            "value": 1322
          },
          "end": {
            "@type": "BeginAlignedCursor",
            "value": 1340
          }
        }
      },
      "data": [
        {
          "@type": "AnnotationData",
          "@id": "801ABBC76F",
          "set": "segmentation_annotation"
        },
        {
          "@type": "AnnotationData",
          "@id": "4121A7D9D5",
          "set": "segmentation_annotation"
        }
      ]
    },
    {
      "@type": "Annotation",
      "@id": "99A6CC111F",
      "target": {
        "@type": "TextSelector",
        "resource": "26E4",
        "offset": {
          "@type": "Offset",
          "begin": {
            "@type": "BeginAlignedCursor",
            "value": 1340
          },
          "end": {
            "@type": "BeginAlignedCursor",
            "value": 1362
          }
        }
      },
      "data": [
        {
          "@type": "AnnotationData",
          "@id": "D044ACDEEC",
          "set": "segmentation_annotation"
        },
        {
          "@type": "AnnotationData",
          "@id": "4121A7D9D5",
          "set": "segmentation_annotation"
        }
      ]
    },
    {
      "@type": "Annotation",
      "@id": "92AC188C9C",
      "target": {
        "@type": "TextSelector",
        "resource": "26E4",
        "offset": {
          "@type": "Offset",
          "begin": {
            "@type": "BeginAlignedCursor",
            "value": 1364
          },
          "end": {
            "@type": "BeginAlignedCursor",
            "value": 1396
          }
        }
      },
      "data": [
        {
          "@type": "AnnotationData",
          "@id": "C1E4B82EA1",
          "set": "segmentation_annotation"
        },
        {
          "@type": "AnnotationData",
          "@id": "4121A7D9D5",
          "set": "segmentation_annotation"
        }
      ]
    },
    {
      "@type": "Annotation",
      "@id": "0024BCA143",
      "target": {
        "@type": "TextSelector",
        "resource": "26E4",
        "offset": {
          "@type": "Offset",
          "begin": {
            "@type": "BeginAlignedCursor",
            "value": 1396
          },
          "end": {
            "@type": "BeginAlignedCursor",
            "value": 1435
          }
        }
      },
      "data": [
        {
          "@type": "AnnotationData",
          "@id": "ED94E72057",
          "set": "segmentation_annotation"
        },
        {
          "@type": "AnnotationData",
          "@id": "4121A7D9D5",
          "set": "segmentation_annotation"
        }
      ]
    },
    {
      "@type": "Annotation",
      "@id": "ADBE6BEE8E",
      "target": {
        "@type": "TextSelector",
        "resource": "26E4",
        "offset": {
          "@type": "Offset",
          "begin": {
            "@type": "BeginAlignedCursor",
            "value": 1436
          },
          "end": {
            "@type": "BeginAlignedCursor",
            "value": 1516
          }
        }
      },
      "data": [
        {
          "@type": "AnnotationData",
          "@id": "44CA6EC7C7",
          "set": "segmentation_annotation"
        },
        {
          "@type": "AnnotationData",
          "@id": "4121A7D9D5",
          "set": "segmentation_annotation"
        }
      ]
    },
    {
      "@type": "Annotation",
      "@id": "F43CCFC4F9",
      "target": {
        "@type": "TextSelector",
        "resource": "26E4",
        "offset": {
          "@type": "Offset",
          "begin": {
            "@type": "BeginAlignedCursor",
            "value": 1517
          },
          "end": {
            "@type": "BeginAlignedCursor",
            "value": 1566
          }
        }
      },
      "data": [
        {
          "@type": "AnnotationData",
          "@id": "E2927FF9A8",
          "set": "segmentation_annotation"
        },
        {
          "@type": "AnnotationData",
          "@id": "4121A7D9D5",
          "set": "segmentation_annotation"
        }
      ]
    },
    {
      "@type": "Annotation",
      "@id": "A086482A54",
      "target": {
        "@type": "TextSelector",
        "resource": "26E4",
        "offset": {
          "@type": "Offset",
          "begin": {
            "@type": "BeginAlignedCursor",
            "value": 1566
          },
          "end": {
            "@type": "BeginAlignedCursor",
            "value": 1581
          }
        }
      },
      "data": [
        {
          "@type": "AnnotationData",
          "@id": "C31D537FCC",
          "set": "segmentation_annotation"
        },
        {
          "@type": "AnnotationData",
          "@id": "4121A7D9D5",
          "set": "segmentation_annotation"
        }
      ]
    },
    {
      "@type": "Annotation",
      "@id": "88A1347F38",
      "target": {
        "@type": "TextSelector",
        "resource": "26E4",
        "offset": {
          "@type": "Offset",
          "begin": {
            "@type": "BeginAlignedCursor",
            "value": 1581
          },
          "end": {
            "@type": "BeginAlignedCursor",
            "value": 1592
          }
        }
      },
      "data": [
        {
          "@type": "AnnotationData",
          "@id": "4A9B008274",
          "set": "segmentation_annotation"
        },
        {
          "@type": "AnnotationData",
          "@id": "4121A7D9D5",
          "set": "segmentation_annotation"
        }
      ]
    },
    {
      "@type": "Annotation",
      "@id": "CABE44E20C",
      "target": {
        "@type": "TextSelector",
        "resource": "26E4",
        "offset": {
          "@type": "Offset",
          "begin": {
            "@type": "BeginAlignedCursor",
            "value": 1592
          },
          "end": {
            "@type": "BeginAlignedCursor",
            "value": 1603
          }
        }
      },
      "data": [
        {
          "@type": "AnnotationData",
          "@id": "208BBB94DA",
          "set": "segmentation_annotation"
        },
        {
          "@type": "AnnotationData",
          "@id": "4121A7D9D5",
          "set": "segmentation_annotation"
        }
      ]
    },
    {
      "@type": "Annotation",
      "@id": "437E74BCF4",
      "target": {
        "@type": "TextSelector",
        "resource": "26E4",
        "offset": {
          "@type": "Offset",
          "begin": {
            "@type": "BeginAlignedCursor",
            "value": 1603
          },
          "end": {
            "@type": "BeginAlignedCursor",
            "value": 1616
          }
        }
      },
      "data": [
        {
          "@type": "AnnotationData",
          "@id": "6AAF3992DA",
          "set": "segmentation_annotation"
        },
        {
          "@type": "AnnotationData",
          "@id": "4121A7D9D5",
          "set": "segmentation_annotation"
        }
      ]
    },
    {
      "@type": "Annotation",
      "@id": "05E00BF512",
      "target": {
        "@type": "TextSelector",
        "resource": "26E4",
        "offset": {
          "@type": "Offset",
          "begin": {
            "@type": "BeginAlignedCursor",
            "value": 1616
          },
          "end": {
            "@type": "BeginAlignedCursor",
            "value": 1638
          }
        }
      },
      "data": [
        {
          "@type": "AnnotationData",
          "@id": "44B4845B7E",
          "set": "segmentation_annotation"
        },
        {
          "@type": "AnnotationData",
          "@id": "4121A7D9D5",
          "set": "segmentation_annotation"
        }
      ]
    },
    {
      "@type": "Annotation",
      "@id": "7076400A4C",
      "target": {
        "@type": "TextSelector",
        "resource": "26E4",
        "offset": {
          "@type": "Offset",
          "begin": {
            "@type": "BeginAlignedCursor",
            "value": 1638
          },
          "end": {
            "@type": "BeginAlignedCursor",
            "value": 1652
          }
        }
      },
      "data": [
        {
          "@type": "AnnotationData",
          "@id": "643C929FC2",
          "set": "segmentation_annotation"
        },
        {
          "@type": "AnnotationData",
          "@id": "4121A7D9D5",
          "set": "segmentation_annotation"
        }
      ]
    },
    {
      "@type": "Annotation",
      "@id": "C54C8914EA",
      "target": {
        "@type": "TextSelector",
        "resource": "26E4",
        "offset": {
          "@type": "Offset",
          "begin": {
            "@type": "BeginAlignedCursor",
            "value": 1652
          },
          "end": {
            "@type": "BeginAlignedCursor",
            "value": 1667
          }
        }
      },
      "data": [
        {
          "@type": "AnnotationData",
          "@id": "0CBB89A1BA",
          "set": "segmentation_annotation"
        },
        {
          "@type": "AnnotationData",
          "@id": "4121A7D9D5",
          "set": "segmentation_annotation"
        }
      ]
    },
    {
      "@type": "Annotation",
      "@id": "7298128F22",
      "target": {
        "@type": "TextSelector",
        "resource": "26E4",
        "offset": {
          "@type": "Offset",
          "begin": {
            "@type": "BeginAlignedCursor",
            "value": 1668
          },
          "end": {
            "@type": "BeginAlignedCursor",
            "value": 1715
          }
        }
      },
      "data": [
        {
          "@type": "AnnotationData",
          "@id": "C4F574E6CF",
          "set": "segmentation_annotation"
        },
        {
          "@type": "AnnotationData",
          "@id": "4121A7D9D5",
          "set": "segmentation_annotation"
        }
      ]
    },
    {
      "@type": "Annotation",
      "@id": "B1A0EE00FC",
      "target": {
        "@type": "TextSelector",
        "resource": "26E4",
        "offset": {
          "@type": "Offset",
          "begin": {
            "@type": "BeginAlignedCursor",
            "value": 1715
          },
          "end": {
            "@type": "BeginAlignedCursor",
            "value": 1726
          }
        }
      },
      "data": [
        {
          "@type": "AnnotationData",
          "@id": "E4A64DFA49",
          "set": "segmentation_annotation"
        },
        {
          "@type": "AnnotationData",
          "@id": "4121A7D9D5",
          "set": "segmentation_annotation"
        }
      ]
    },
    {
      "@type": "Annotation",
      "@id": "80CC94CC20",
      "target": {
        "@type": "TextSelector",
        "resource": "26E4",
        "offset": {
          "@type": "Offset",
          "begin": {
            "@type": "BeginAlignedCursor",
            "value": 1726
          },
          "end": {
            "@type": "BeginAlignedCursor",
            "value": 1740
          }
        }
      },
      "data": [
        {
          "@type": "AnnotationData",
          "@id": "7BCB32D976",
          "set": "segmentation_annotation"
        },
        {
          "@type": "AnnotationData",
          "@id": "4121A7D9D5",
          "set": "segmentation_annotation"
        }
      ]
    },
    {
      "@type": "Annotation",
      "@id": "C201A20A20",
      "target": {
        "@type": "TextSelector",
        "resource": "26E4",
        "offset": {
          "@type": "Offset",
          "begin": {
            "@type": "BeginAlignedCursor",
            "value": 1740
          },
          "end": {
            "@type": "BeginAlignedCursor",
            "value": 1754
          }
        }
      },
      "data": [
        {
          "@type": "AnnotationData",
          "@id": "1DF42000A0",
          "set": "segmentation_annotation"
        },
        {
          "@type": "AnnotationData",
          "@id": "4121A7D9D5",
          "set": "segmentation_annotation"
        }
      ]
    },
    {
      "@type": "Annotation",
      "@id": "62E6B77E09",
      "target": {
        "@type": "TextSelector",
        "resource": "26E4",
        "offset": {
          "@type": "Offset",
          "begin": {
            "@type": "BeginAlignedCursor",
            "value": 1754
          },
          "end": {
            "@type": "BeginAlignedCursor",
            "value": 1772
          }
        }
      },
      "data": [
        {
          "@type": "AnnotationData",
          "@id": "8D45558B89",
          "set": "segmentation_annotation"
        },
        {
          "@type": "AnnotationData",
          "@id": "4121A7D9D5",
          "set": "segmentation_annotation"
        }
      ]
    },
    {
      "@type": "Annotation",
      "@id": "96FC6590CB",
      "target": {
        "@type": "TextSelector",
        "resource": "26E4",
        "offset": {
          "@type": "Offset",
          "begin": {
            "@type": "BeginAlignedCursor",
            "value": 1772
          },
          "end": {
            "@type": "BeginAlignedCursor",
            "value": 1781
          }
        }
      },
      "data": [
        {
          "@type": "AnnotationData",
          "@id": "FDE72C20C4",
          "set": "segmentation_annotation"
        },
        {
          "@type": "AnnotationData",
          "@id": "4121A7D9D5",
          "set": "segmentation_annotation"
        }
      ]
    },
    {
      "@type": "Annotation",
      "@id": "14A18BC9DC",
      "target": {
        "@type": "TextSelector",
        "resource": "26E4",
        "offset": {
          "@type": "Offset",
          "begin": {
            "@type": "BeginAlignedCursor",
            "value": 1781
          },
          "end": {
            "@type": "BeginAlignedCursor",
            "value": 1791
          }
        }
      },
      "data": [
        {
          "@type": "AnnotationData",
          "@id": "A6866696E4",
          "set": "segmentation_annotation"
        },
        {
          "@type": "AnnotationData",
          "@id": "4121A7D9D5",
          "set": "segmentation_annotation"
        }
      ]
    },
    {
      "@type": "Annotation",
      "@id": "1D4F58233B",
      "target": {
        "@type": "TextSelector",
        "resource": "26E4",
        "offset": {
          "@type": "Offset",
          "begin": {
            "@type": "BeginAlignedCursor",
            "value": 1791
          },
          "end": {
            "@type": "BeginAlignedCursor",
            "value": 1799
          }
        }
      },
      "data": [
        {
          "@type": "AnnotationData",
          "@id": "881785B157",
          "set": "segmentation_annotation"
        },
        {
          "@type": "AnnotationData",
          "@id": "4121A7D9D5",
          "set": "segmentation_annotation"
        }
      ]
    },
    {
      "@type": "Annotation",
      "@id": "BC94978695",
      "target": {
        "@type": "TextSelector",
        "resource": "26E4",
        "offset": {
          "@type": "Offset",
          "begin": {
            "@type": "BeginAlignedCursor",
            "value": 1799
          },
          "end": {
            "@type": "BeginAlignedCursor",
            "value": 1808
          }
        }
      },
      "data": [
        {
          "@type": "AnnotationData",
          "@id": "BD525B5F2B",
          "set": "segmentation_annotation"
        },
        {
          "@type": "AnnotationData",
          "@id": "4121A7D9D5",
          "set": "segmentation_annotation"
        }
      ]
    },
    {
      "@type": "Annotation",
      "@id": "E29D53E714",
      "target": {
        "@type": "TextSelector",
        "resource": "26E4",
        "offset": {
          "@type": "Offset",
          "begin": {
            "@type": "BeginAlignedCursor",
            "value": 1808
          },
          "end": {
            "@type": "BeginAlignedCursor",
            "value": 1817
          }
        }
      },
      "data": [
        {
          "@type": "AnnotationData",
          "@id": "75A1E6E888",
          "set": "segmentation_annotation"
        },
        {
          "@type": "AnnotationData",
          "@id": "4121A7D9D5",
          "set": "segmentation_annotation"
        }
      ]
    },
    {
      "@type": "Annotation",
      "@id": "4FCC0AB84E",
      "target": {
        "@type": "TextSelector",
        "resource": "26E4",
        "offset": {
          "@type": "Offset",
          "begin": {
            "@type": "BeginAlignedCursor",
            "value": 1817
          },
          "end": {
            "@type": "BeginAlignedCursor",
            "value": 1825
          }
        }
      },
      "data": [
        {
          "@type": "AnnotationData",
          "@id": "AFF1595F59",
          "set": "segmentation_annotation"
        },
        {
          "@type": "AnnotationData",
          "@id": "4121A7D9D5",
          "set": "segmentation_annotation"
        }
      ]
    },
    {
      "@type": "Annotation",
      "@id": "905D70B487",
      "target": {
        "@type": "TextSelector",
        "resource": "26E4",
        "offset": {
          "@type": "Offset",
          "begin": {
            "@type": "BeginAlignedCursor",
            "value": 1825
          },
          "end": {
            "@type": "BeginAlignedCursor",
            "value": 1825
          }
        }
      },
      "data": [
        {
          "@type": "AnnotationData",
          "@id": "0C184B14AE",
          "set": "segmentation_annotation"
        },
        {
          "@type": "AnnotationData",
          "@id": "4121A7D9D5",
          "set": "segmentation_annotation"
        }
      ]
    },
    {
      "@type": "Annotation",
      "@id": "249B8D8DF8",
      "target": {
        "@type": "TextSelector",
        "resource": "26E4",
        "offset": {
          "@type": "Offset",
          "begin": {
            "@type": "BeginAlignedCursor",
            "value": 1826
          },
          "end": {
            "@type": "BeginAlignedCursor",
            "value": 1837
          }
        }
      },
      "data": [
        {
          "@type": "AnnotationData",
          "@id": "D212D2A4DA",
          "set": "segmentation_annotation"
        },
        {
          "@type": "AnnotationData",
          "@id": "4121A7D9D5",
          "set": "segmentation_annotation"
        }
      ]
    },
    {
      "@type": "Annotation",
      "@id": "A444AD845A",
      "target": {
        "@type": "TextSelector",
        "resource": "26E4",
        "offset": {
          "@type": "Offset",
          "begin": {
            "@type": "BeginAlignedCursor",
            "value": 1837
          },
          "end": {
            "@type": "BeginAlignedCursor",
            "value": 1846
          }
        }
      },
      "data": [
        {
          "@type": "AnnotationData",
          "@id": "FBA2347585",
          "set": "segmentation_annotation"
        },
        {
          "@type": "AnnotationData",
          "@id": "4121A7D9D5",
          "set": "segmentation_annotation"
        }
      ]
    },
    {
      "@type": "Annotation",
      "@id": "35E55FFEDA",
      "target": {
        "@type": "TextSelector",
        "resource": "26E4",
        "offset": {
          "@type": "Offset",
          "begin": {
            "@type": "BeginAlignedCursor",
            "value": 1846
          },
          "end": {
            "@type": "BeginAlignedCursor",
            "value": 1855
          }
        }
      },
      "data": [
        {
          "@type": "AnnotationData",
          "@id": "795D506401",
          "set": "segmentation_annotation"
        },
        {
          "@type": "AnnotationData",
          "@id": "4121A7D9D5",
          "set": "segmentation_annotation"
        }
      ]
    },
    {
      "@type": "Annotation",
      "@id": "C5773804D4",
      "target": {
        "@type": "TextSelector",
        "resource": "26E4",
        "offset": {
          "@type": "Offset",
          "begin": {
            "@type": "BeginAlignedCursor",
            "value": 1855
          },
          "end": {
            "@type": "BeginAlignedCursor",
            "value": 1863
          }
        }
      },
      "data": [
        {
          "@type": "AnnotationData",
          "@id": "E500479AAC",
          "set": "segmentation_annotation"
        },
        {
          "@type": "AnnotationData",
          "@id": "4121A7D9D5",
          "set": "segmentation_annotation"
        }
      ]
    },
    {
      "@type": "Annotation",
      "@id": "D58AB7BAF8",
      "target": {
        "@type": "TextSelector",
        "resource": "26E4",
        "offset": {
          "@type": "Offset",
          "begin": {
            "@type": "BeginAlignedCursor",
            "value": 1863
          },
          "end": {
            "@type": "BeginAlignedCursor",
            "value": 1875
          }
        }
      },
      "data": [
        {
          "@type": "AnnotationData",
          "@id": "FA787E858F",
          "set": "segmentation_annotation"
        },
        {
          "@type": "AnnotationData",
          "@id": "4121A7D9D5",
          "set": "segmentation_annotation"
        }
      ]
    },
    {
      "@type": "Annotation",
      "@id": "48775372E7",
      "target": {
        "@type": "TextSelector",
        "resource": "26E4",
        "offset": {
          "@type": "Offset",
          "begin": {
            "@type": "BeginAlignedCursor",
            "value": 1875
          },
          "end": {
            "@type": "BeginAlignedCursor",
            "value": 1888
          }
        }
      },
      "data": [
        {
          "@type": "AnnotationData",
          "@id": "B77D278896",
          "set": "segmentation_annotation"
        },
        {
          "@type": "AnnotationData",
          "@id": "4121A7D9D5",
          "set": "segmentation_annotation"
        }
      ]
    },
    {
      "@type": "Annotation",
      "@id": "AD0989640C",
      "target": {
        "@type": "TextSelector",
        "resource": "26E4",
        "offset": {
          "@type": "Offset",
          "begin": {
            "@type": "BeginAlignedCursor",
            "value": 1889
          },
          "end": {
            "@type": "BeginAlignedCursor",
            "value": 1926
          }
        }
      },
      "data": [
        {
          "@type": "AnnotationData",
          "@id": "6361330006",
          "set": "segmentation_annotation"
        },
        {
          "@type": "AnnotationData",
          "@id": "4121A7D9D5",
          "set": "segmentation_annotation"
        }
      ]
    },
    {
      "@type": "Annotation",
      "@id": "30053B52B0",
      "target": {
        "@type": "TextSelector",
        "resource": "26E4",
        "offset": {
          "@type": "Offset",
          "begin": {
            "@type": "BeginAlignedCursor",
            "value": 1927
          },
          "end": {
            "@type": "BeginAlignedCursor",
            "value": 1976
          }
        }
      },
      "data": [
        {
          "@type": "AnnotationData",
          "@id": "5D9F95D6D5",
          "set": "segmentation_annotation"
        },
        {
          "@type": "AnnotationData",
          "@id": "4121A7D9D5",
          "set": "segmentation_annotation"
        }
      ]
    },
    {
      "@type": "Annotation",
      "@id": "93A4EBE714",
      "target": {
        "@type": "TextSelector",
        "resource": "26E4",
        "offset": {
          "@type": "Offset",
          "begin": {
            "@type": "BeginAlignedCursor",
            "value": 1977
          },
          "end": {
            "@type": "BeginAlignedCursor",
            "value": 1991
          }
        }
      },
      "data": [
        {
          "@type": "AnnotationData",
          "@id": "CBACBC5F23",
          "set": "segmentation_annotation"
        },
        {
          "@type": "AnnotationData",
          "@id": "4121A7D9D5",
          "set": "segmentation_annotation"
        }
      ]
    },
    {
      "@type": "Annotation",
      "@id": "13D1A52ACF",
      "target": {
        "@type": "TextSelector",
        "resource": "26E4",
        "offset": {
          "@type": "Offset",
          "begin": {
            "@type": "BeginAlignedCursor",
            "value": 1991
          },
          "end": {
            "@type": "BeginAlignedCursor",
            "value": 2025
          }
        }
      },
      "data": [
        {
          "@type": "AnnotationData",
          "@id": "9D76DA4BF9",
          "set": "segmentation_annotation"
        },
        {
          "@type": "AnnotationData",
          "@id": "4121A7D9D5",
          "set": "segmentation_annotation"
        }
      ]
    },
    {
      "@type": "Annotation",
      "@id": "DBA10B096F",
      "target": {
        "@type": "TextSelector",
        "resource": "26E4",
        "offset": {
          "@type": "Offset",
          "begin": {
            "@type": "BeginAlignedCursor",
            "value": 2025
          },
          "end": {
            "@type": "BeginAlignedCursor",
            "value": 2057
          }
        }
      },
      "data": [
        {
          "@type": "AnnotationData",
          "@id": "9924CCB9AE",
          "set": "segmentation_annotation"
        },
        {
          "@type": "AnnotationData",
          "@id": "4121A7D9D5",
          "set": "segmentation_annotation"
        }
      ]
    },
    {
      "@type": "Annotation",
      "@id": "98C8BA79E9",
      "target": {
        "@type": "TextSelector",
        "resource": "26E4",
        "offset": {
          "@type": "Offset",
          "begin": {
            "@type": "BeginAlignedCursor",
            "value": 2057
          },
          "end": {
            "@type": "BeginAlignedCursor",
            "value": 2112
          }
        }
      },
      "data": [
        {
          "@type": "AnnotationData",
          "@id": "60E6B4679C",
          "set": "segmentation_annotation"
        },
        {
          "@type": "AnnotationData",
          "@id": "4121A7D9D5",
          "set": "segmentation_annotation"
        }
      ]
    },
    {
      "@type": "Annotation",
      "@id": "E602A61127",
      "target": {
        "@type": "TextSelector",
        "resource": "26E4",
        "offset": {
          "@type": "Offset",
          "begin": {
            "@type": "BeginAlignedCursor",
            "value": 2112
          },
          "end": {
            "@type": "BeginAlignedCursor",
            "value": 2124
          }
        }
      },
      "data": [
        {
          "@type": "AnnotationData",
          "@id": "81D48E4E2A",
          "set": "segmentation_annotation"
        },
        {
          "@type": "AnnotationData",
          "@id": "4121A7D9D5",
          "set": "segmentation_annotation"
        }
      ]
    },
    {
      "@type": "Annotation",
      "@id": "348E49F491",
      "target": {
        "@type": "TextSelector",
        "resource": "26E4",
        "offset": {
          "@type": "Offset",
          "begin": {
            "@type": "BeginAlignedCursor",
            "value": 2124
          },
          "end": {
            "@type": "BeginAlignedCursor",
            "value": 2135
          }
        }
      },
      "data": [
        {
          "@type": "AnnotationData",
          "@id": "4E11B284FB",
          "set": "segmentation_annotation"
        },
        {
          "@type": "AnnotationData",
          "@id": "4121A7D9D5",
          "set": "segmentation_annotation"
        }
      ]
    },
    {
      "@type": "Annotation",
      "@id": "223EDE28F2",
      "target": {
        "@type": "TextSelector",
        "resource": "26E4",
        "offset": {
          "@type": "Offset",
          "begin": {
            "@type": "BeginAlignedCursor",
            "value": 2135
          },
          "end": {
            "@type": "BeginAlignedCursor",
            "value": 2155
          }
        }
      },
      "data": [
        {
          "@type": "AnnotationData",
          "@id": "8187A685B0",
          "set": "segmentation_annotation"
        },
        {
          "@type": "AnnotationData",
          "@id": "4121A7D9D5",
          "set": "segmentation_annotation"
        }
      ]
    },
    {
      "@type": "Annotation",
      "@id": "B3EB02D380",
      "target": {
        "@type": "TextSelector",
        "resource": "26E4",
        "offset": {
          "@type": "Offset",
          "begin": {
            "@type": "BeginAlignedCursor",
            "value": 2156
          },
          "end": {
            "@type": "BeginAlignedCursor",
            "value": 2221
          }
        }
      },
      "data": [
        {
          "@type": "AnnotationData",
          "@id": "9987269BC7",
          "set": "segmentation_annotation"
        },
        {
          "@type": "AnnotationData",
          "@id": "4121A7D9D5",
          "set": "segmentation_annotation"
        }
      ]
    },
    {
      "@type": "Annotation",
      "@id": "0F1515A4CE",
      "target": {
        "@type": "TextSelector",
        "resource": "26E4",
        "offset": {
          "@type": "Offset",
          "begin": {
            "@type": "BeginAlignedCursor",
            "value": 2221
          },
          "end": {
            "@type": "BeginAlignedCursor",
            "value": 2261
          }
        }
      },
      "data": [
        {
          "@type": "AnnotationData",
          "@id": "350E3FF4D6",
          "set": "segmentation_annotation"
        },
        {
          "@type": "AnnotationData",
          "@id": "4121A7D9D5",
          "set": "segmentation_annotation"
        }
      ]
    },
    {
      "@type": "Annotation",
      "@id": "A55A315695",
      "target": {
        "@type": "TextSelector",
        "resource": "26E4",
        "offset": {
          "@type": "Offset",
          "begin": {
            "@type": "BeginAlignedCursor",
            "value": 2261
          },
          "end": {
            "@type": "BeginAlignedCursor",
            "value": 2269
          }
        }
      },
      "data": [
        {
          "@type": "AnnotationData",
          "@id": "526BC51741",
          "set": "segmentation_annotation"
        },
        {
          "@type": "AnnotationData",
          "@id": "4121A7D9D5",
          "set": "segmentation_annotation"
        }
      ]
    },
    {
      "@type": "Annotation",
      "@id": "BE56B6E651",
      "target": {
        "@type": "TextSelector",
        "resource": "26E4",
        "offset": {
          "@type": "Offset",
          "begin": {
            "@type": "BeginAlignedCursor",
            "value": 2270
          },
          "end": {
            "@type": "BeginAlignedCursor",
            "value": 2307
          }
        }
      },
      "data": [
        {
          "@type": "AnnotationData",
          "@id": "5440A60963",
          "set": "segmentation_annotation"
        },
        {
          "@type": "AnnotationData",
          "@id": "4121A7D9D5",
          "set": "segmentation_annotation"
        }
      ]
    },
    {
      "@type": "Annotation",
      "@id": "2664E84E44",
      "target": {
        "@type": "TextSelector",
        "resource": "26E4",
        "offset": {
          "@type": "Offset",
          "begin": {
            "@type": "BeginAlignedCursor",
            "value": 2307
          },
          "end": {
            "@type": "BeginAlignedCursor",
            "value": 2336
          }
        }
      },
      "data": [
        {
          "@type": "AnnotationData",
          "@id": "450F998B94",
          "set": "segmentation_annotation"
        },
        {
          "@type": "AnnotationData",
          "@id": "4121A7D9D5",
          "set": "segmentation_annotation"
        }
      ]
    },
    {
      "@type": "Annotation",
      "@id": "19614AC9F2",
      "target": {
        "@type": "TextSelector",
        "resource": "26E4",
        "offset": {
          "@type": "Offset",
          "begin": {
            "@type": "BeginAlignedCursor",
            "value": 2336
          },
          "end": {
            "@type": "BeginAlignedCursor",
            "value": 2366
          }
        }
      },
      "data": [
        {
          "@type": "AnnotationData",
          "@id": "5FBB453BFF",
          "set": "segmentation_annotation"
        },
        {
          "@type": "AnnotationData",
          "@id": "4121A7D9D5",
          "set": "segmentation_annotation"
        }
      ]
    },
    {
      "@type": "Annotation",
      "@id": "005690CB06",
      "target": {
        "@type": "TextSelector",
        "resource": "26E4",
        "offset": {
          "@type": "Offset",
          "begin": {
            "@type": "BeginAlignedCursor",
            "value": 2367
          },
          "end": {
            "@type": "BeginAlignedCursor",
            "value": 2455
          }
        }
      },
      "data": [
        {
          "@type": "AnnotationData",
          "@id": "2FDD7710CA",
          "set": "segmentation_annotation"
        },
        {
          "@type": "AnnotationData",
          "@id": "4121A7D9D5",
          "set": "segmentation_annotation"
        }
      ]
    },
    {
      "@type": "Annotation",
      "@id": "CE5A542543",
      "target": {
        "@type": "TextSelector",
        "resource": "26E4",
        "offset": {
          "@type": "Offset",
          "begin": {
            "@type": "BeginAlignedCursor",
            "value": 2455
          },
          "end": {
            "@type": "BeginAlignedCursor",
            "value": 2527
          }
        }
      },
      "data": [
        {
          "@type": "AnnotationData",
          "@id": "B9DB37D782",
          "set": "segmentation_annotation"
        },
        {
          "@type": "AnnotationData",
          "@id": "4121A7D9D5",
          "set": "segmentation_annotation"
        }
      ]
    },
    {
      "@type": "Annotation",
      "@id": "3992F1B032",
      "target": {
        "@type": "TextSelector",
        "resource": "26E4",
        "offset": {
          "@type": "Offset",
          "begin": {
            "@type": "BeginAlignedCursor",
            "value": 2528
          },
          "end": {
            "@type": "BeginAlignedCursor",
            "value": 2575
          }
        }
      },
      "data": [
        {
          "@type": "AnnotationData",
          "@id": "6B84837297",
          "set": "segmentation_annotation"
        },
        {
          "@type": "AnnotationData",
          "@id": "4121A7D9D5",
          "set": "segmentation_annotation"
        }
      ]
    },
    {
      "@type": "Annotation",
      "@id": "009E727B75",
      "target": {
        "@type": "TextSelector",
        "resource": "26E4",
        "offset": {
          "@type": "Offset",
          "begin": {
            "@type": "BeginAlignedCursor",
            "value": 2575
          },
          "end": {
            "@type": "BeginAlignedCursor",
            "value": 2596
          }
        }
      },
      "data": [
        {
          "@type": "AnnotationData",
          "@id": "C6A56AD454",
          "set": "segmentation_annotation"
        },
        {
          "@type": "AnnotationData",
          "@id": "4121A7D9D5",
          "set": "segmentation_annotation"
        }
      ]
    },
    {
      "@type": "Annotation",
      "@id": "C9498DCD9D",
      "target": {
        "@type": "TextSelector",
        "resource": "26E4",
        "offset": {
          "@type": "Offset",
          "begin": {
            "@type": "BeginAlignedCursor",
            "value": 2596
          },
          "end": {
            "@type": "BeginAlignedCursor",
            "value": 2615
          }
        }
      },
      "data": [
        {
          "@type": "AnnotationData",
          "@id": "45F3B32D34",
          "set": "segmentation_annotation"
        },
        {
          "@type": "AnnotationData",
          "@id": "4121A7D9D5",
          "set": "segmentation_annotation"
        }
      ]
    },
    {
      "@type": "Annotation",
      "@id": "B523A451BD",
      "target": {
        "@type": "TextSelector",
        "resource": "26E4",
        "offset": {
          "@type": "Offset",
          "begin": {
            "@type": "BeginAlignedCursor",
            "value": 2615
          },
          "end": {
            "@type": "BeginAlignedCursor",
            "value": 2641
          }
        }
      },
      "data": [
        {
          "@type": "AnnotationData",
          "@id": "F125297A0F",
          "set": "segmentation_annotation"
        },
        {
          "@type": "AnnotationData",
          "@id": "4121A7D9D5",
          "set": "segmentation_annotation"
        }
      ]
    },
    {
      "@type": "Annotation",
      "@id": "2DF34E4D4A",
      "target": {
        "@type": "TextSelector",
        "resource": "26E4",
        "offset": {
          "@type": "Offset",
          "begin": {
            "@type": "BeginAlignedCursor",
            "value": 2641
          },
          "end": {
            "@type": "BeginAlignedCursor",
            "value": 2685
          }
        }
      },
      "data": [
        {
          "@type": "AnnotationData",
          "@id": "4E918F934D",
          "set": "segmentation_annotation"
        },
        {
          "@type": "AnnotationData",
          "@id": "4121A7D9D5",
          "set": "segmentation_annotation"
        }
      ]
    },
    {
      "@type": "Annotation",
      "@id": "E2F7162444",
      "target": {
        "@type": "TextSelector",
        "resource": "26E4",
        "offset": {
          "@type": "Offset",
          "begin": {
            "@type": "BeginAlignedCursor",
            "value": 2685
          },
          "end": {
            "@type": "BeginAlignedCursor",
            "value": 2721
          }
        }
      },
      "data": [
        {
          "@type": "AnnotationData",
          "@id": "87BF170CCB",
          "set": "segmentation_annotation"
        },
        {
          "@type": "AnnotationData",
          "@id": "4121A7D9D5",
          "set": "segmentation_annotation"
        }
      ]
    },
    {
      "@type": "Annotation",
      "@id": "1177F1CE5B",
      "target": {
        "@type": "TextSelector",
        "resource": "26E4",
        "offset": {
          "@type": "Offset",
          "begin": {
            "@type": "BeginAlignedCursor",
            "value": 2721
          },
          "end": {
            "@type": "BeginAlignedCursor",
            "value": 2763
          }
        }
      },
      "data": [
        {
          "@type": "AnnotationData",
          "@id": "0DCAB2C559",
          "set": "segmentation_annotation"
        },
        {
          "@type": "AnnotationData",
          "@id": "4121A7D9D5",
          "set": "segmentation_annotation"
        }
      ]
    },
    {
      "@type": "Annotation",
      "@id": "9415A54499",
      "target": {
        "@type": "TextSelector",
        "resource": "26E4",
        "offset": {
          "@type": "Offset",
          "begin": {
            "@type": "BeginAlignedCursor",
            "value": 2764
          },
          "end": {
            "@type": "BeginAlignedCursor",
            "value": 2821
          }
        }
      },
      "data": [
        {
          "@type": "AnnotationData",
          "@id": "6EBD1B1057",
          "set": "segmentation_annotation"
        },
        {
          "@type": "AnnotationData",
          "@id": "4121A7D9D5",
          "set": "segmentation_annotation"
        }
      ]
    },
    {
      "@type": "Annotation",
      "@id": "AEB08DD409",
      "target": {
        "@type": "TextSelector",
        "resource": "26E4",
        "offset": {
          "@type": "Offset",
          "begin": {
            "@type": "BeginAlignedCursor",
            "value": 2822
          },
          "end": {
            "@type": "BeginAlignedCursor",
            "value": 2923
          }
        }
      },
      "data": [
        {
          "@type": "AnnotationData",
          "@id": "5D4DB49858",
          "set": "segmentation_annotation"
        },
        {
          "@type": "AnnotationData",
          "@id": "4121A7D9D5",
          "set": "segmentation_annotation"
        }
      ]
    },
    {
      "@type": "Annotation",
      "@id": "A3D22B9383",
      "target": {
        "@type": "TextSelector",
        "resource": "26E4",
        "offset": {
          "@type": "Offset",
          "begin": {
            "@type": "BeginAlignedCursor",
            "value": 2924
          },
          "end": {
            "@type": "BeginAlignedCursor",
            "value": 2972
          }
        }
      },
      "data": [
        {
          "@type": "AnnotationData",
          "@id": "36E4F8E3CF",
          "set": "segmentation_annotation"
        },
        {
          "@type": "AnnotationData",
          "@id": "4121A7D9D5",
          "set": "segmentation_annotation"
        }
      ]
    },
    {
      "@type": "Annotation",
      "@id": "0756491637",
      "target": {
        "@type": "TextSelector",
        "resource": "26E4",
        "offset": {
          "@type": "Offset",
          "begin": {
            "@type": "BeginAlignedCursor",
            "value": 2972
          },
          "end": {
            "@type": "BeginAlignedCursor",
            "value": 3059
          }
        }
      },
      "data": [
        {
          "@type": "AnnotationData",
          "@id": "0745C6D74C",
          "set": "segmentation_annotation"
        },
        {
          "@type": "AnnotationData",
          "@id": "4121A7D9D5",
          "set": "segmentation_annotation"
        }
      ]
    },
    {
      "@type": "Annotation",
      "@id": "72A11CF7A2",
      "target": {
        "@type": "TextSelector",
        "resource": "26E4",
        "offset": {
          "@type": "Offset",
          "begin": {
            "@type": "BeginAlignedCursor",
            "value": 3059
          },
          "end": {
            "@type": "BeginAlignedCursor",
            "value": 3076
          }
        }
      },
      "data": [
        {
          "@type": "AnnotationData",
          "@id": "024384B369",
          "set": "segmentation_annotation"
        },
        {
          "@type": "AnnotationData",
          "@id": "4121A7D9D5",
          "set": "segmentation_annotation"
        }
      ]
    },
    {
      "@type": "Annotation",
      "@id": "49FFFEF9CE",
      "target": {
        "@type": "TextSelector",
        "resource": "26E4",
        "offset": {
          "@type": "Offset",
          "begin": {
            "@type": "BeginAlignedCursor",
            "value": 3076
          },
          "end": {
            "@type": "BeginAlignedCursor",
            "value": 3106
          }
        }
      },
      "data": [
        {
          "@type": "AnnotationData",
          "@id": "4B47D57248",
          "set": "segmentation_annotation"
        },
        {
          "@type": "AnnotationData",
          "@id": "4121A7D9D5",
          "set": "segmentation_annotation"
        }
      ]
    },
    {
      "@type": "Annotation",
      "@id": "EA9F99C7EC",
      "target": {
        "@type": "TextSelector",
        "resource": "26E4",
        "offset": {
          "@type": "Offset",
          "begin": {
            "@type": "BeginAlignedCursor",
            "value": 3107
          },
          "end": {
            "@type": "BeginAlignedCursor",
            "value": 3134
          }
        }
      },
      "data": [
        {
          "@type": "AnnotationData",
          "@id": "11ED5EA814",
          "set": "segmentation_annotation"
        },
        {
          "@type": "AnnotationData",
          "@id": "4121A7D9D5",
          "set": "segmentation_annotation"
        }
      ]
    },
    {
      "@type": "Annotation",
      "@id": "8EDB146812",
      "target": {
        "@type": "TextSelector",
        "resource": "26E4",
        "offset": {
          "@type": "Offset",
          "begin": {
            "@type": "BeginAlignedCursor",
            "value": 3134
          },
          "end": {
            "@type": "BeginAlignedCursor",
            "value": 3216
          }
        }
      },
      "data": [
        {
          "@type": "AnnotationData",
          "@id": "47CDB12C9F",
          "set": "segmentation_annotation"
        },
        {
          "@type": "AnnotationData",
          "@id": "4121A7D9D5",
          "set": "segmentation_annotation"
        }
      ]
    },
    {
      "@type": "Annotation",
      "@id": "B2A2A2B407",
      "target": {
        "@type": "TextSelector",
        "resource": "26E4",
        "offset": {
          "@type": "Offset",
          "begin": {
            "@type": "BeginAlignedCursor",
            "value": 3217
          },
          "end": {
            "@type": "BeginAlignedCursor",
            "value": 3262
          }
        }
      },
      "data": [
        {
          "@type": "AnnotationData",
          "@id": "DB04D16786",
          "set": "segmentation_annotation"
        },
        {
          "@type": "AnnotationData",
          "@id": "4121A7D9D5",
          "set": "segmentation_annotation"
        }
      ]
    },
    {
      "@type": "Annotation",
      "@id": "E4E4EBA44B",
      "target": {
        "@type": "TextSelector",
        "resource": "26E4",
        "offset": {
          "@type": "Offset",
          "begin": {
            "@type": "BeginAlignedCursor",
            "value": 3263
          },
          "end": {
            "@type": "BeginAlignedCursor",
            "value": 3305
          }
        }
      },
      "data": [
        {
          "@type": "AnnotationData",
          "@id": "7A887A77F4",
          "set": "segmentation_annotation"
        },
        {
          "@type": "AnnotationData",
          "@id": "4121A7D9D5",
          "set": "segmentation_annotation"
        }
      ]
    },
    {
      "@type": "Annotation",
      "@id": "B44BDC555D",
      "target": {
        "@type": "TextSelector",
        "resource": "26E4",
        "offset": {
          "@type": "Offset",
          "begin": {
            "@type": "BeginAlignedCursor",
            "value": 3306
          },
          "end": {
            "@type": "BeginAlignedCursor",
            "value": 3548
          }
        }
      },
      "data": [
        {
          "@type": "AnnotationData",
          "@id": "C820C685ED",
          "set": "segmentation_annotation"
        },
        {
          "@type": "AnnotationData",
          "@id": "4121A7D9D5",
          "set": "segmentation_annotation"
        }
      ]
    },
    {
      "@type": "Annotation",
      "@id": "C376B88404",
      "target": {
        "@type": "TextSelector",
        "resource": "26E4",
        "offset": {
          "@type": "Offset",
          "begin": {
            "@type": "BeginAlignedCursor",
            "value": 3549
          },
          "end": {
            "@type": "BeginAlignedCursor",
            "value": 3606
          }
        }
      },
      "data": [
        {
          "@type": "AnnotationData",
          "@id": "425A535FAE",
          "set": "segmentation_annotation"
        },
        {
          "@type": "AnnotationData",
          "@id": "4121A7D9D5",
          "set": "segmentation_annotation"
        }
      ]
    }
  ]
}