{
  "@type": "AnnotationStore",
  "@id": "I999EDD0C",
  "resources": [
    {
      "@type": "TextResource",
      "@id": "26E4",
      "@include": "../../base/26E4.txt"
    }
  ],
  "annotationsets": [
    {
      "@type": "AnnotationDataSet",
      "@id": "segmentation_annotation",
      "keys": [
        {
          "@type": "DataKey",
          "@id": "root_idx_mapping"
        },
        {
          "@type": "DataKey",
          "@id": "segmentation_type"
        }
      ],
      "data": [
        {
          "@type": "AnnotationData",
          "@id": "04A34C0CAC",
          "key": "root_idx_mapping",
          "value": {
            "@type": "String",
            "value": "1"
          }
        },
        {
          "@type": "AnnotationData",
          "@id": "DAD559ABCD",
          "key": "segmentation_type",
          "value": {
            "@type": "String",
            "value": "alignment"
          }
        },
        {
          "@type": "AnnotationData",
          "@id": "BF091B9E95",
          "key": "root_idx_mapping",
          "value": {
            "@type": "String",
            "value": "2"
          }
        },
        {
          "@type": "AnnotationData",
          "@id": "DE71234457",
          "key": "root_idx_mapping",
          "value": {
            "@type": "String",
            "value": "3"
          }
        },
        {
          "@type": "AnnotationData",
          "@id": "9DF69883C7",
          "key": "root_idx_mapping",
          "value": {
            "@type": "String",
            "value": "4"
          }
        },
        {
          "@type": "AnnotationData",
          "@id": "71AD00A770",
          "key": "root_idx_mapping",
          "value": {
            "@type": "String",
            "value": "5"
          }
        },
        {
          "@type": "AnnotationData",
          "@id": "6F69404E1A",
          "key": "root_idx_mapping",
          "value": {
            "@type": "String",
            "value": "6"
          }
        },
        {
          "@type": "AnnotationData",
          "@id": "826F3D9C81",
          "key": "root_idx_mapping",
          "value": {
            "@type": "String",
            "value": "7"
          }
        },
        {
          "@type": "AnnotationData",
          "@id": "0A40DA4E33",
          "key": "root_idx_mapping",
          "value": {
            "@type": "String",
            "value": "8"
          }
        },
        {
          "@type": "AnnotationData",
          "@id": "DC7DEADEE5",
          "key": "root_idx_mapping",
          "value": {
            "@type": "String",
            "value": "9"
          }
        },
        {
          "@type": "AnnotationData",
          "@id": "F5999A6973",
          "key": "root_idx_mapping",
          "value": {
            "@type": "String",
            "value": "10"
          }
        },
        {
          "@type": "AnnotationData",
          "@id": "871F86878F",
          "key": "root_idx_mapping",
          "value": {
            "@type": "String",
            "value": "11"
          }
        },
        {
          "@type": "AnnotationData",
          "@id": "B6D4D33E4B",
          "key": "root_idx_mapping",
          "value": {
            "@type": "String",
            "value": "12"
          }
        },
        {
          "@type": "AnnotationData",
          "@id": "7812F8B621",
          "key": "root_idx_mapping",
          "value": {
            "@type": "String",
            "value": "13"
          }
        },
        {
          "@type": "AnnotationData",
          "@id": "4C934A54EA",
          "key": "root_idx_mapping",
          "value": {
            "@type": "String",
            "value": "14"
          }
        },
        {
          "@type": "AnnotationData",
          "@id": "6466876767",
          "key": "root_idx_mapping",
          "value": {
            "@type": "String",
            "value": "15"
          }
        },
        {
          "@type": "AnnotationData",
          "@id": "A2930457DE",
          "key": "root_idx_mapping",
          "value": {
            "@type": "String",
            "value": "16"
          }
        },
        {
          "@type": "AnnotationData",
          "@id": "7DDDD89FBD",
          "key": "root_idx_mapping",
          "value": {
            "@type": "String",
            "value": "17"
          }
        },
        {
          "@type": "AnnotationData",
          "@id": "935E15A51E",
          "key": "root_idx_mapping",
          "value": {
            "@type": "String",
            "value": "18"
          }
        },
        {
          "@type": "AnnotationData",
          "@id": "9AABBB9E9D",
          "key": "root_idx_mapping",
          "value": {
            "@type": "String",
            "value": "19"
          }
        },
        {
          "@type": "AnnotationData",
          "@id": "FE2E3B0724",
          "key": "root_idx_mapping",
          "value": {
            "@type": "String",
            "value": "20"
          }
        },
        {
          "@type": "AnnotationData",
          "@id": "EA7E2745B3",
          "key": "root_idx_mapping",
          "value": {
            "@type": "String",
            "value": "21"
          }
        },
        {
          "@type": "AnnotationData",
          "@id": "83494E1035",
          "key": "root_idx_mapping",
          "value": {
            "@type": "String",
            "value": "22"
          }
        },
        {
          "@type": "AnnotationData",
          "@id": "E601196ED9",
          "key": "root_idx_mapping",
          "value": {
            "@type": "String",
            "value": "23"
          }
        },
        {
          "@type": "AnnotationData",
          "@id": "44ACDC45D0",
          "key": "root_idx_mapping",
          "value": {
            "@type": "String",
            "value": "24"
          }
        },
        {
          "@type": "AnnotationData",
          "@id": "EED9E6FDF9",
          "key": "root_idx_mapping",
          "value": {
            "@type": "String",
            "value": "25"
          }
        },
        {
          "@type": "AnnotationData",
          "@id": "1A5A625E3D",
          "key": "root_idx_mapping",
          "value": {
            "@type": "String",
            "value": "26"
          }
        },
        {
          "@type": "AnnotationData",
          "@id": "7CDA14457A",
          "key": "root_idx_mapping",
          "value": {
            "@type": "String",
            "value": "27"
          }
        },
        {
          "@type": "AnnotationData",
          "@id": "5C45948FD0",
          "key": "root_idx_mapping",
          "value": {
            "@type": "String",
            "value": "28"
          }
        },
        {
          "@type": "AnnotationData",
          "@id": "9B144DB6D4",
          "key": "root_idx_mapping",
          "value": {
            "@type": "String",
            "value": "29"
          }
        },
        {
          "@type": "AnnotationData",
          "@id": "1DB1198C3B",
          "key": "root_idx_mapping",
          "value": {
            "@type": "String",
            "value": "30"
          }
        },
        {
          "@type": "AnnotationData",
          "@id": "6A837A8A54",
          "key": "root_idx_mapping",
          "value": {
            "@type": "String",
            "value": "31"
          }
        },
        {
          "@type": "AnnotationData",
          "@id": "A510F551DD",
          "key": "root_idx_mapping",
          "value": {
            "@type": "String",
            "value": "32"
          }
        },
        {
          "@type": "AnnotationData",
          "@id": "01B984EB8B",
          "key": "root_idx_mapping",
          "value": {
            "@type": "String",
            "value": "33"
          }
        },
        {
          "@type": "AnnotationData",
          "@id": "C59AE4448C",
          "key": "root_idx_mapping",
          "value": {
            "@type": "String",
            "value": "34"
          }
        },
        {
          "@type": "AnnotationData",
          "@id": "E50F4E91FF",
          "key": "root_idx_mapping",
          "value": {
            "@type": "String",
            "value": "35"
          }
        },
        {
          "@type": "AnnotationData",
          "@id": "DCD2ED942C",
          "key": "root_idx_mapping",
          "value": {
            "@type": "String",
            "value": "36"
          }
        },
        {
          "@type": "AnnotationData",
          "@id": "4DC650CCC3",
          "key": "root_idx_mapping",
          "value": {
            "@type": "String",
            "value": "37"
          }
        },
        {
          "@type": "AnnotationData",
          "@id": "1A5AC2FD2D",
          "key": "root_idx_mapping",
          "value": {
            "@type": "String",
            "value": "38"
          }
        },
        {
          "@type": "AnnotationData",
          "@id": "E9C1216399",
          "key": "root_idx_mapping",
          "value": {
            "@type": "String",
            "value": "39"
          }
        },
        {
          "@type": "AnnotationData",
          "@id": "D349854FC0",
          "key": "root_idx_mapping",
          "value": {
            "@type": "String",
            "value": "40"
          }
        },
        {
          "@type": "AnnotationData",
          "@id": "637F1FC18A",
          "key": "root_idx_mapping",
          "value": {
            "@type": "String",
            "value": "41"
          }
        },
        {
          "@type": "AnnotationData",
          "@id": "A2F7A8684C",
          "key": "root_idx_mapping",
          "value": {
            "@type": "String",
            "value": "42"
          }
        },
        {
          "@type": "AnnotationData",
          "@id": "08203A6AD8",
          "key": "root_idx_mapping",
          "value": {
            "@type": "String",
            "value": "43"
          }
        },
        {
          "@type": "AnnotationData",
          "@id": "C0B49BC5B6",
          "key": "root_idx_mapping",
          "value": {
            "@type": "String",
            "value": "44"
          }
        },
        {
          "@type": "AnnotationData",
          "@id": "CEE27C94F9",
          "key": "root_idx_mapping",
          "value": {
            "@type": "String",
            "value": "45"
          }
        },
        {
          "@type": "AnnotationData",
          "@id": "EB6775F1EF",
          "key": "root_idx_mapping",
          "value": {
            "@type": "String",
            "value": "46"
          }
        },
        {
          "@type": "AnnotationData",
          "@id": "31303F3C23",
          "key": "root_idx_mapping",
          "value": {
            "@type": "String",
            "value": "47"
          }
        },
        {
          "@type": "AnnotationData",
          "@id": "FD09481D7A",
          "key": "root_idx_mapping",
          "value": {
            "@type": "String",
            "value": "48"
          }
        },
        {
          "@type": "AnnotationData",
          "@id": "BC51FC0CE3",
          "key": "root_idx_mapping",
          "value": {
            "@type": "String",
            "value": "49"
          }
        },
        {
          "@type": "AnnotationData",
          "@id": "844EA4ADB2",
          "key": "root_idx_mapping",
          "value": {
            "@type": "String",
            "value": "50"
          }
        },
        {
          "@type": "AnnotationData",
          "@id": "ABAA346DBB",
          "key": "root_idx_mapping",
          "value": {
            "@type": "String",
            "value": "51"
          }
        },
        {
          "@type": "AnnotationData",
          "@id": "A654BE2296",
          "key": "root_idx_mapping",
          "value": {
            "@type": "String",
            "value": "52"
          }
        },
        {
          "@type": "AnnotationData",
          "@id": "637B5EE08B",
          "key": "root_idx_mapping",
          "value": {
            "@type": "String",
            "value": "53"
          }
        },
        {
          "@type": "AnnotationData",
          "@id": "3004B2E7B4",
          "key": "root_idx_mapping",
          "value": {
            "@type": "String",
            "value": "54"
          }
        },
        {
          "@type": "AnnotationData",
          "@id": "43EF002304",
          "key": "root_idx_mapping",
          "value": {
            "@type": "String",
            "value": "55"
          }
        },
        {
          "@type": "AnnotationData",
          "@id": "6E74B681F8",
          "key": "root_idx_mapping",
          "value": {
            "@type": "String",
            "value": "56"
          }
        },
        {
          "@type": "AnnotationData",
          "@id": "B94DEEB328",
          "key": "root_idx_mapping",
          "value": {
            "@type": "String",
            "value": "57"
          }
        },
        {
          "@type": "AnnotationData",
          "@id": "190B7E74F7",
          "key": "root_idx_mapping",
          "value": {
            "@type": "String",
            "value": "58"
          }
        },
        {
          "@type": "AnnotationData",
          "@id": "6CB3CCA4CD",
          "key": "root_idx_mapping",
          "value": {
            "@type": "String",
            "value": "59"
          }
        },
        {
          "@type": "AnnotationData",
          "@id": "AB4BB4B09C",
          "key": "root_idx_mapping",
          "value": {
            "@type": "String",
            "value": "60"
          }
        },
        {
          "@type": "AnnotationData",
          "@id": "5534D58AEB",
          "key": "root_idx_mapping",
          "value": {
            "@type": "String",
            "value": "61"
          }
        },
        {
          "@type": "AnnotationData",
          "@id": "ECC0ECB7E7",
          "key": "root_idx_mapping",
          "value": {
            "@type": "String",
            "value": "62"
          }
        },
        {
          "@type": "AnnotationData",
          "@id": "6729603487",
          "key": "root_idx_mapping",
          "value": {
            "@type": "String",
            "value": "63"
          }
        },
        {
          "@type": "AnnotationData",
          "@id": "B23B548A20",
          "key": "root_idx_mapping",
          "value": {
            "@type": "String",
            "value": "64"
          }
        },
        {
          "@type": "AnnotationData",
          "@id": "CECA92ABA5",
          "key": "root_idx_mapping",
          "value": {
            "@type": "String",
            "value": "65"
          }
        },
        {
          "@type": "AnnotationData",
          "@id": "342D634312",
          "key": "root_idx_mapping",
          "value": {
            "@type": "String",
            "value": "66"
          }
        },
        {
          "@type": "AnnotationData",
          "@id": "0458515584",
          "key": "root_idx_mapping",
          "value": {
            "@type": "String",
            "value": "67"
          }
        },
        {
          "@type": "AnnotationData",
          "@id": "5746547D95",
          "key": "root_idx_mapping",
          "value": {
            "@type": "String",
            "value": "68"
          }
        },
        {
          "@type": "AnnotationData",
          "@id": "68461000F7",
          "key": "root_idx_mapping",
          "value": {
            "@type": "String",
            "value": "69"
          }
        },
        {
          "@type": "AnnotationData",
          "@id": "99AAABC99D",
          "key": "root_idx_mapping",
          "value": {
            "@type": "String",
            "value": "70"
          }
        },
        {
          "@type": "AnnotationData",
          "@id": "DB7FAEDE2D",
          "key": "root_idx_mapping",
          "value": {
            "@type": "String",
            "value": "71"
          }
        },
        {
          "@type": "AnnotationData",
          "@id": "F47B2F7B7B",
          "key": "root_idx_mapping",
          "value": {
            "@type": "String",
            "value": "72"
          }
        },
        {
          "@type": "AnnotationData",
          "@id": "3EB6EA336E",
          "key": "root_idx_mapping",
          "value": {
            "@type": "String",
            "value": "73"
          }
        },
        {
          "@type": "AnnotationData",
          "@id": "46D40ADF3C",
          "key": "root_idx_mapping",
          "value": {
            "@type": "String",
            "value": "74"
          }
        },
        {
          "@type": "AnnotationData",
          "@id": "F4F4F8FBCA",
          "key": "root_idx_mapping",
          "value": {
            "@type": "String",
            "value": "75"
          }
        },
        {
          "@type": "AnnotationData",
          "@id": "3491026A2A",
          "key": "root_idx_mapping",
          "value": {
            "@type": "String",
            "value": "76"
          }
        },
        {
          "@type": "AnnotationData",
          "@id": "44AA4457E5",
          "key": "root_idx_mapping",
          "value": {
            "@type": "String",
            "value": "77"
          }
        },
        {
          "@type": "AnnotationData",
          "@id": "1B3AA4D28D",
          "key": "root_idx_mapping",
          "value": {
            "@type": "String",
            "value": "78"
          }
        },
        {
          "@type": "AnnotationData",
          "@id": "B88044D79F",
          "key": "root_idx_mapping",
          "value": {
            "@type": "String",
            "value": "79"
          }
        },
        {
          "@type": "AnnotationData",
          "@id": "891DCD7D1B",
          "key": "root_idx_mapping",
          "value": {
            "@type": "String",
            "value": "80"
          }
        },
        {
          "@type": "AnnotationData",
          "@id": "085DBFE0B4",
          "key": "root_idx_mapping",
          "value": {
            "@type": "String",
            "value": "81"
          }
        },
        {
          "@type": "AnnotationData",
          "@id": "5645E2ABE6",
          "key": "root_idx_mapping",
          "value": {
            "@type": "String",
            "value": "82"
          }
        },
        {
          "@type": "AnnotationData",
          "@id": "45DF19C9DF",
          "key": "root_idx_mapping",
          "value": {
            "@type": "String",
            "value": "83"
          }
        },
        {
          "@type": "AnnotationData",
          "@id": "44EC3EF7F9",
          "key": "root_idx_mapping",
          "value": {
            "@type": "String",
            "value": "84"
          }
        },
        {
          "@type": "AnnotationData",
          "@id": "3E2D892689",
          "key": "root_idx_mapping",
          "value": {
            "@type": "String",
            "value": "85"
          }
        }
      ]
    }
  ],
  "annotations": [
    {
      "@type": "Annotation",
      "@id": "6D77D9C2FD",
      "target": {
        "@type": "TextSelector",
        "resource": "26E4",
        "offset": {
          "@type": "Offset",
          "begin": {
            "@type": "BeginAlignedCursor",
            "value": 0
          },
          "end": {
            "@type": "BeginAlignedCursor",
            "value": 54
          }
        }
      },
      "data": [
        {
          "@type": "AnnotationData",
          "@id": "04A34C0CAC",
          "set": "segmentation_annotation"
        },
        {
          "@type": "AnnotationData",
          "@id": "DAD559ABCD",
          "set": "segmentation_annotation"
        }
      ]
    },
    {
      "@type": "Annotation",
      "@id": "16DF16CDF7",
      "target": {
        "@type": "TextSelector",
        "resource": "26E4",
        "offset": {
          "@type": "Offset",
          "begin": {
            "@type": "BeginAlignedCursor",
            "value": 55
          },
          "end": {
            "@type": "BeginAlignedCursor",
            "value": 55
          }
        }
      },
      "data": [
        {
          "@type": "AnnotationData",
          "@id": "BF091B9E95",
          "set": "segmentation_annotation"
        },
        {
          "@type": "AnnotationData",
          "@id": "DAD559ABCD",
          "set": "segmentation_annotation"
        }
      ]
    },
    {
      "@type": "Annotation",
      "@id": "1F443C77B5",
      "target": {
        "@type": "TextSelector",
        "resource": "26E4",
        "offset": {
          "@type": "Offset",
          "begin": {
            "@type": "BeginAlignedCursor",
            "value": 55
          },
          "end": {
            "@type": "BeginAlignedCursor",
            "value": 110
          }
        }
      },
      "data": [
        {
          "@type": "AnnotationData",
          "@id": "DE71234457",
          "set": "segmentation_annotation"
        },
        {
          "@type": "AnnotationData",
          "@id": "DAD559ABCD",
          "set": "segmentation_annotation"
        }
      ]
    },
    {
      "@type": "Annotation",
      "@id": "7705BCEA5B",
      "target": {
        "@type": "TextSelector",
        "resource": "26E4",
        "offset": {
          "@type": "Offset",
          "begin": {
            "@type": "BeginAlignedCursor",
            "value": 110
          },
          "end": {
            "@type": "BeginAlignedCursor",
            "value": 110
          }
        }
      },
      "data": [
        {
          "@type": "AnnotationData",
          "@id": "9DF69883C7",
          "set": "segmentation_annotation"
        },
        {
          "@type": "AnnotationData",
          "@id": "DAD559ABCD",
          "set": "segmentation_annotation"
        }
      ]
    },
    {
      "@type": "Annotation",
      "@id": "2B64245009",
      "target": {
        "@type": "TextSelector",
        "resource": "26E4",
        "offset": {
          "@type": "Offset",
          "begin": {
            "@type": "BeginAlignedCursor",
            "value": 111
          },
          "end": {
            "@type": "BeginAlignedCursor",
            "value": 175
          }
        }
      },
      "data": [
        {
          "@type": "AnnotationData",
          "@id": "71AD00A770",
          "set": "segmentation_annotation"
        },
        {
          "@type": "AnnotationData",
          "@id": "DAD559ABCD",
          "set": "segmentation_annotation"
        }
      ]
    },
    {
      "@type": "Annotation",
      "@id": "A657837EAB",
      "target": {
        "@type": "TextSelector",
        "resource": "26E4",
        "offset": {
          "@type": "Offset",
          "begin": {
            "@type": "BeginAlignedCursor",
            "value": 176
          },
          "end": {
            "@type": "BeginAlignedCursor",
            "value": 193
          }
        }
      },
      "data": [
        {
          "@type": "AnnotationData",
          "@id": "6F69404E1A",
          "set": "segmentation_annotation"
        },
        {
          "@type": "AnnotationData",
          "@id": "DAD559ABCD",
          "set": "segmentation_annotation"
        }
      ]
    },
    {
      "@type": "Annotation",
      "@id": "AF99952DFB",
      "target": {
        "@type": "TextSelector",
        "resource": "26E4",
        "offset": {
          "@type": "Offset",
          "begin": {
            "@type": "BeginAlignedCursor",
            "value": 194
          },
          "end": {
            "@type": "BeginAlignedCursor",
            "value": 251
          }
        }
      },
      "data": [
        {
          "@type": "AnnotationData",
          "@id": "826F3D9C81",
          "set": "segmentation_annotation"
        },
        {
          "@type": "AnnotationData",
          "@id": "DAD559ABCD",
          "set": "segmentation_annotation"
        }
      ]
    },
    {
      "@type": "Annotation",
      "@id": "5BA9D27B92",
      "target": {
        "@type": "TextSelector",
        "resource": "26E4",
        "offset": {
          "@type": "Offset",
          "begin": {
            "@type": "BeginAlignedCursor",
            "value": 252
          },
          "end": {
            "@type": "BeginAlignedCursor",
            "value": 428
          }
        }
      },
      "data": [
        {
          "@type": "AnnotationData",
          "@id": "0A40DA4E33",
          "set": "segmentation_annotation"
        },
        {
          "@type": "AnnotationData",
          "@id": "DAD559ABCD",
          "set": "segmentation_annotation"
        }
      ]
    },
    {
      "@type": "Annotation",
      "@id": "A583D5C415",
      "target": {
        "@type": "TextSelector",
        "resource": "26E4",
        "offset": {
          "@type": "Offset",
          "begin": {
            "@type": "BeginAlignedCursor",
            "value": 429
          },
          "end": {
            "@type": "BeginAlignedCursor",
            "value": 527
          }
        }
      },
      "data": [
        {
          "@type": "AnnotationData",
          "@id": "DC7DEADEE5",
          "set": "segmentation_annotation"
        },
        {
          "@type": "AnnotationData",
          "@id": "DAD559ABCD",
          "set": "segmentation_annotation"
        }
      ]
    },
    {
      "@type": "Annotation",
      "@id": "D6661137A4",
      "target": {
        "@type": "TextSelector",
        "resource": "26E4",
        "offset": {
          "@type": "Offset",
          "begin": {
            "@type": "BeginAlignedCursor",
            "value": 528
          },
          "end": {
            "@type": "BeginAlignedCursor",
            "value": 669
          }
        }
      },
      "data": [
        {
          "@type": "AnnotationData",
          "@id": "F5999A6973",
          "set": "segmentation_annotation"
        },
        {
          "@type": "AnnotationData",
          "@id": "DAD559ABCD",
          "set": "segmentation_annotation"
        }
      ]
    },
    {
      "@type": "Annotation",
      "@id": "837DEEC4A9",
      "target": {
        "@type": "TextSelector",
        "resource": "26E4",
        "offset": {
          "@type": "Offset",
          "begin": {
            "@type": "BeginAlignedCursor",
            "value": 670
          },
          "end": {
            "@type": "BeginAlignedCursor",
            "value": 730
          }
        }
      },
      "data": [
        {
          "@type": "AnnotationData",
          "@id": "871F86878F",
          "set": "segmentation_annotation"
        },
        {
          "@type": "AnnotationData",
          "@id": "DAD559ABCD",
          "set": "segmentation_annotation"
        }
      ]
    },
    {
      "@type": "Annotation",
      "@id": "655C758A6A",
      "target": {
        "@type": "TextSelector",
        "resource": "26E4",
        "offset": {
          "@type": "Offset",
          "begin": {
            "@type": "BeginAlignedCursor",
            "value": 731
          },
          "end": {
            "@type": "BeginAlignedCursor",
            "value": 861
          }
        }
      },
      "data": [
        {
          "@type": "AnnotationData",
          "@id": "B6D4D33E4B",
          "set": "segmentation_annotation"
        },
        {
          "@type": "AnnotationData",
          "@id": "DAD559ABCD",
          "set": "segmentation_annotation"
        }
      ]
    },
    {
      "@type": "Annotation",
      "@id": "A833793FFC",
      "target": {
        "@type": "TextSelector",
        "resource": "26E4",
        "offset": {
          "@type": "Offset",
          "begin": {
            "@type": "BeginAlignedCursor",
            "value": 862
          },
          "end": {
            "@type": "BeginAlignedCursor",
            "value": 962
          }
        }
      },
      "data": [
        {
          "@type": "AnnotationData",
          "@id": "7812F8B621",
          "set": "segmentation_annotation"
        },
        {
          "@type": "AnnotationData",
          "@id": "DAD559ABCD",
          "set": "segmentation_annotation"
        }
      ]
    },
    {
      "@type": "Annotation",
      "@id": "D77033FA8B",
      "target": {
        "@type": "TextSelector",
        "resource": "26E4",
        "offset": {
          "@type": "Offset",
          "begin": {
            "@type": "BeginAlignedCursor",
            "value": 962
          },
          "end": {
            "@type": "BeginAlignedCursor",
            "value": 962
          }
        }
      },
      "data": [
        {
          "@type": "AnnotationData",
          "@id": "4C934A54EA",
          "set": "segmentation_annotation"
        },
        {
          "@type": "AnnotationData",
          "@id": "DAD559ABCD",
          "set": "segmentation_annotation"
        }
      ]
    },
    {
      "@type": "Annotation",
      "@id": "D653F74FC0",
      "target": {
        "@type": "TextSelector",
        "resource": "26E4",
        "offset": {
          "@type": "Offset",
          "begin": {
            "@type": "BeginAlignedCursor",
            "value": 962
          },
          "end": {
            "@type": "BeginAlignedCursor",
            "value": 1103
          }
        }
      },
      "data": [
        {
          "@type": "AnnotationData",
          "@id": "6466876767",
          "set": "segmentation_annotation"
        },
        {
          "@type": "AnnotationData",
          "@id": "DAD559ABCD",
          "set": "segmentation_annotation"
        }
      ]
    },
    {
      "@type": "Annotation",
      "@id": "7452726DDD",
      "target": {
        "@type": "TextSelector",
        "resource": "26E4",
        "offset": {
          "@type": "Offset",
          "begin": {
            "@type": "BeginAlignedCursor",
            "value": 1103
          },
          "end": {
            "@type": "BeginAlignedCursor",
            "value": 1244
          }
        }
      },
      "data": [
        {
          "@type": "AnnotationData",
          "@id": "A2930457DE",
          "set": "segmentation_annotation"
        },
        {
          "@type": "AnnotationData",
          "@id": "DAD559ABCD",
          "set": "segmentation_annotation"
        }
      ]
    },
    {
      "@type": "Annotation",
      "@id": "B2CB4995AE",
      "target": {
        "@type": "TextSelector",
        "resource": "26E4",
        "offset": {
          "@type": "Offset",
          "begin": {
            "@type": "BeginAlignedCursor",
            "value": 1244
          },
          "end": {
            "@type": "BeginAlignedCursor",
            "value": 1321
          }
        }
      },
      "data": [
        {
          "@type": "AnnotationData",
          "@id": "7DDDD89FBD",
          "set": "segmentation_annotation"
        },
        {
          "@type": "AnnotationData",
          "@id": "DAD559ABCD",
          "set": "segmentation_annotation"
        }
      ]
    },
    {
      "@type": "Annotation",
      "@id": "D48DBB087F",
      "target": {
        "@type": "TextSelector",
        "resource": "26E4",
        "offset": {
          "@type": "Offset",
          "begin": {
            "@type": "BeginAlignedCursor",
            "value": 1322
          },
          "end": {
            "@type": "BeginAlignedCursor",
            "value": 1322
          }
        }
      },
      "data": [
        {
          "@type": "AnnotationData",
          "@id": "935E15A51E",
          "set": "segmentation_annotation"
        },
        {
          "@type": "AnnotationData",
          "@id": "DAD559ABCD",
          "set": "segmentation_annotation"
        }
      ]
    },
    {
      "@type": "Annotation",
      "@id": "41BCC12D21",
      "target": {
        "@type": "TextSelector",
        "resource": "26E4",
        "offset": {
          "@type": "Offset",
          "begin": {
            "@type": "BeginAlignedCursor",
            "value": 1322
          },
          "end": {
            "@type": "BeginAlignedCursor",
            "value": 1340
          }
        }
      },
      "data": [
        {
          "@type": "AnnotationData",
          "@id": "9AABBB9E9D",
          "set": "segmentation_annotation"
        },
        {
          "@type": "AnnotationData",
          "@id": "DAD559ABCD",
          "set": "segmentation_annotation"
        }
      ]
    },
    {
      "@type": "Annotation",
      "@id": "704FBAD5BD",
      "target": {
        "@type": "TextSelector",
        "resource": "26E4",
        "offset": {
          "@type": "Offset",
          "begin": {
            "@type": "BeginAlignedCursor",
            "value": 1340
          },
          "end": {
            "@type": "BeginAlignedCursor",
            "value": 1362
          }
        }
      },
      "data": [
        {
          "@type": "AnnotationData",
          "@id": "FE2E3B0724",
          "set": "segmentation_annotation"
        },
        {
          "@type": "AnnotationData",
          "@id": "DAD559ABCD",
          "set": "segmentation_annotation"
        }
      ]
    },
    {
      "@type": "Annotation",
      "@id": "3022BDF73D",
      "target": {
        "@type": "TextSelector",
        "resource": "26E4",
        "offset": {
          "@type": "Offset",
          "begin": {
            "@type": "BeginAlignedCursor",
            "value": 1364
          },
          "end": {
            "@type": "BeginAlignedCursor",
            "value": 1396
          }
        }
      },
      "data": [
        {
          "@type": "AnnotationData",
          "@id": "EA7E2745B3",
          "set": "segmentation_annotation"
        },
        {
          "@type": "AnnotationData",
          "@id": "DAD559ABCD",
          "set": "segmentation_annotation"
        }
      ]
    },
    {
      "@type": "Annotation",
      "@id": "4F6EE24292",
      "target": {
        "@type": "TextSelector",
        "resource": "26E4",
        "offset": {
          "@type": "Offset",
          "begin": {
            "@type": "BeginAlignedCursor",
            "value": 1396
          },
          "end": {
            "@type": "BeginAlignedCursor",
            "value": 1435
          }
        }
      },
      "data": [
        {
          "@type": "AnnotationData",
          "@id": "83494E1035",
          "set": "segmentation_annotation"
        },
        {
          "@type": "AnnotationData",
          "@id": "DAD559ABCD",
          "set": "segmentation_annotation"
        }
      ]
    },
    {
      "@type": "Annotation",
      "@id": "4665B463CD",
      "target": {
        "@type": "TextSelector",
        "resource": "26E4",
        "offset": {
          "@type": "Offset",
          "begin": {
            "@type": "BeginAlignedCursor",
            "value": 1436
          },
          "end": {
            "@type": "BeginAlignedCursor",
            "value": 1516
          }
        }
      },
      "data": [
        {
          "@type": "AnnotationData",
          "@id": "E601196ED9",
          "set": "segmentation_annotation"
        },
        {
          "@type": "AnnotationData",
          "@id": "DAD559ABCD",
          "set": "segmentation_annotation"
        }
      ]
    },
    {
      "@type": "Annotation",
      "@id": "5CBF332BF3",
      "target": {
        "@type": "TextSelector",
        "resource": "26E4",
        "offset": {
          "@type": "Offset",
          "begin": {
            "@type": "BeginAlignedCursor",
            "value": 1517
          },
          "end": {
            "@type": "BeginAlignedCursor",
            "value": 1518
          }
        }
      },
      "data": [
        {
          "@type": "AnnotationData",
          "@id": "44ACDC45D0",
          "set": "segmentation_annotation"
        },
        {
          "@type": "AnnotationData",
          "@id": "DAD559ABCD",
          "set": "segmentation_annotation"
        }
      ]
    },
    {
      "@type": "Annotation",
      "@id": "FFE8FC55FF",
      "target": {
        "@type": "TextSelector",
        "resource": "26E4",
        "offset": {
          "@type": "Offset",
          "begin": {
            "@type": "BeginAlignedCursor",
            "value": 1518
          },
          "end": {
            "@type": "BeginAlignedCursor",
            "value": 1566
          }
        }
      },
      "data": [
        {
          "@type": "AnnotationData",
          "@id": "EED9E6FDF9",
          "set": "segmentation_annotation"
        },
        {
          "@type": "AnnotationData",
          "@id": "DAD559ABCD",
          "set": "segmentation_annotation"
        }
      ]
    },
    {
      "@type": "Annotation",
      "@id": "2F03778E08",
      "target": {
        "@type": "TextSelector",
        "resource": "26E4",
        "offset": {
          "@type": "Offset",
          "begin": {
            "@type": "BeginAlignedCursor",
            "value": 1566
          },
          "end": {
            "@type": "BeginAlignedCursor",
            "value": 1581
          }
        }
      },
      "data": [
        {
          "@type": "AnnotationData",
          "@id": "1A5A625E3D",
          "set": "segmentation_annotation"
        },
        {
          "@type": "AnnotationData",
          "@id": "DAD559ABCD",
          "set": "segmentation_annotation"
        }
      ]
    },
    {
      "@type": "Annotation",
      "@id": "FEFC78BDB2",
      "target": {
        "@type": "TextSelector",
        "resource": "26E4",
        "offset": {
          "@type": "Offset",
          "begin": {
            "@type": "BeginAlignedCursor",
            "value": 1581
          },
          "end": {
            "@type": "BeginAlignedCursor",
            "value": 1592
          }
        }
      },
      "data": [
        {
          "@type": "AnnotationData",
          "@id": "7CDA14457A",
          "set": "segmentation_annotation"
        },
        {
          "@type": "AnnotationData",
          "@id": "DAD559ABCD",
          "set": "segmentation_annotation"
        }
      ]
    },
    {
      "@type": "Annotation",
      "@id": "AB2D6BDDDB",
      "target": {
        "@type": "TextSelector",
        "resource": "26E4",
        "offset": {
          "@type": "Offset",
          "begin": {
            "@type": "BeginAlignedCursor",
            "value": 1592
          },
          "end": {
            "@type": "BeginAlignedCursor",
            "value": 1603
          }
        }
      },
      "data": [
        {
          "@type": "AnnotationData",
          "@id": "5C45948FD0",
          "set": "segmentation_annotation"
        },
        {
          "@type": "AnnotationData",
          "@id": "DAD559ABCD",
          "set": "segmentation_annotation"
        }
      ]
    },
    {
      "@type": "Annotation",
      "@id": "1D91603AAC",
      "target": {
        "@type": "TextSelector",
        "resource": "26E4",
        "offset": {
          "@type": "Offset",
          "begin": {
            "@type": "BeginAlignedCursor",
            "value": 1603
          },
          "end": {
            "@type": "BeginAlignedCursor",
            "value": 1616
          }
        }
      },
      "data": [
        {
          "@type": "AnnotationData",
          "@id": "9B144DB6D4",
          "set": "segmentation_annotation"
        },
        {
          "@type": "AnnotationData",
          "@id": "DAD559ABCD",
          "set": "segmentation_annotation"
        }
      ]
    },
    {
      "@type": "Annotation",
      "@id": "5203222265",
      "target": {
        "@type": "TextSelector",
        "resource": "26E4",
        "offset": {
          "@type": "Offset",
          "begin": {
            "@type": "BeginAlignedCursor",
            "value": 1616
          },
          "end": {
            "@type": "BeginAlignedCursor",
            "value": 1638
          }
        }
      },
      "data": [
        {
          "@type": "AnnotationData",
          "@id": "1DB1198C3B",
          "set": "segmentation_annotation"
        },
        {
          "@type": "AnnotationData",
          "@id": "DAD559ABCD",
          "set": "segmentation_annotation"
        }
      ]
    },
    {
      "@type": "Annotation",
      "@id": "B5E23DF854",
      "target": {
        "@type": "TextSelector",
        "resource": "26E4",
        "offset": {
          "@type": "Offset",
          "begin": {
            "@type": "BeginAlignedCursor",
            "value": 1638
          },
          "end": {
            "@type": "BeginAlignedCursor",
            "value": 1652
          }
        }
      },
      "data": [
        {
          "@type": "AnnotationData",
          "@id": "6A837A8A54",
          "set": "segmentation_annotation"
        },
        {
          "@type": "AnnotationData",
          "@id": "DAD559ABCD",
          "set": "segmentation_annotation"
        }
      ]
    },
    {
      "@type": "Annotation",
      "@id": "C9F307910F",
      "target": {
        "@type": "TextSelector",
        "resource": "26E4",
        "offset": {
          "@type": "Offset",
          "begin": {
            "@type": "BeginAlignedCursor",
            "value": 1652
          },
          "end": {
            "@type": "BeginAlignedCursor",
            "value": 1667
          }
        }
      },
      "data": [
        {
          "@type": "AnnotationData",
          "@id": "A510F551DD",
          "set": "segmentation_annotation"
        },
        {
          "@type": "AnnotationData",
          "@id": "DAD559ABCD",
          "set": "segmentation_annotation"
        }
      ]
    },
    {
      "@type": "Annotation",
      "@id": "4C55217674",
      "target": {
        "@type": "TextSelector",
        "resource": "26E4",
        "offset": {
          "@type": "Offset",
          "begin": {
            "@type": "BeginAlignedCursor",
            "value": 1668
          },
          "end": {
            "@type": "BeginAlignedCursor",
            "value": 1669
          }
        }
      },
      "data": [
        {
          "@type": "AnnotationData",
          "@id": "01B984EB8B",
          "set": "segmentation_annotation"
        },
        {
          "@type": "AnnotationData",
          "@id": "DAD559ABCD",
          "set": "segmentation_annotation"
        }
      ]
    },
    {
      "@type": "Annotation",
      "@id": "23CB43F295",
      "target": {
        "@type": "TextSelector",
        "resource": "26E4",
        "offset": {
          "@type": "Offset",
          "begin": {
            "@type": "BeginAlignedCursor",
            "value": 1669
          },
          "end": {
            "@type": "BeginAlignedCursor",
            "value": 1715
          }
        }
      },
      "data": [
        {
          "@type": "AnnotationData",
          "@id": "C59AE4448C",
          "set": "segmentation_annotation"
        },
        {
          "@type": "AnnotationData",
          "@id": "DAD559ABCD",
          "set": "segmentation_annotation"
        }
      ]
    },
    {
      "@type": "Annotation",
      "@id": "6AC94FA656",
      "target": {
        "@type": "TextSelector",
        "resource": "26E4",
        "offset": {
          "@type": "Offset",
          "begin": {
            "@type": "BeginAlignedCursor",
            "value": 1715
          },
          "end": {
            "@type": "BeginAlignedCursor",
            "value": 1726
          }
        }
      },
      "data": [
        {
          "@type": "AnnotationData",
          "@id": "E50F4E91FF",
          "set": "segmentation_annotation"
        },
        {
          "@type": "AnnotationData",
          "@id": "DAD559ABCD",
          "set": "segmentation_annotation"
        }
      ]
    },
    {
      "@type": "Annotation",
      "@id": "F91BC9C14B",
      "target": {
        "@type": "TextSelector",
        "resource": "26E4",
        "offset": {
          "@type": "Offset",
          "begin": {
            "@type": "BeginAlignedCursor",
            "value": 1726
          },
          "end": {
            "@type": "BeginAlignedCursor",
            "value": 1740
          }
        }
      },
      "data": [
        {
          "@type": "AnnotationData",
          "@id": "DCD2ED942C",
          "set": "segmentation_annotation"
        },
        {
          "@type": "AnnotationData",
          "@id": "DAD559ABCD",
          "set": "segmentation_annotation"
        }
      ]
    },
    {
      "@type": "Annotation",
      "@id": "74B4A42852",
      "target": {
        "@type": "TextSelector",
        "resource": "26E4",
        "offset": {
          "@type": "Offset",
          "begin": {
            "@type": "BeginAlignedCursor",
            "value": 1740
          },
          "end": {
            "@type": "BeginAlignedCursor",
            "value": 1754
          }
        }
      },
      "data": [
        {
          "@type": "AnnotationData",
          "@id": "4DC650CCC3",
          "set": "segmentation_annotation"
        },
        {
          "@type": "AnnotationData",
          "@id": "DAD559ABCD",
          "set": "segmentation_annotation"
        }
      ]
    },
    {
      "@type": "Annotation",
      "@id": "128CE92018",
      "target": {
        "@type": "TextSelector",
        "resource": "26E4",
        "offset": {
          "@type": "Offset",
          "begin": {
            "@type": "BeginAlignedCursor",
            "value": 1754
          },
          "end": {
            "@type": "BeginAlignedCursor",
            "value": 1772
          }
        }
      },
      "data": [
        {
          "@type": "AnnotationData",
          "@id": "1A5AC2FD2D",
          "set": "segmentation_annotation"
        },
        {
          "@type": "AnnotationData",
          "@id": "DAD559ABCD",
          "set": "segmentation_annotation"
        }
      ]
    },
    {
      "@type": "Annotation",
      "@id": "29490D8B92",
      "target": {
        "@type": "TextSelector",
        "resource": "26E4",
        "offset": {
          "@type": "Offset",
          "begin": {
            "@type": "BeginAlignedCursor",
            "value": 1772
          },
          "end": {
            "@type": "BeginAlignedCursor",
            "value": 1772
          }
        }
      },
      "data": [
        {
          "@type": "AnnotationData",
          "@id": "E9C1216399",
          "set": "segmentation_annotation"
        },
        {
          "@type": "AnnotationData",
          "@id": "DAD559ABCD",
          "set": "segmentation_annotation"
        }
      ]
    },
    {
      "@type": "Annotation",
      "@id": "13F999A98F",
      "target": {
        "@type": "TextSelector",
        "resource": "26E4",
        "offset": {
          "@type": "Offset",
          "begin": {
            "@type": "BeginAlignedCursor",
            "value": 1772
          },
          "end": {
            "@type": "BeginAlignedCursor",
            "value": 1888
          }
        }
      },
      "data": [
        {
          "@type": "AnnotationData",
          "@id": "D349854FC0",
          "set": "segmentation_annotation"
        },
        {
          "@type": "AnnotationData",
          "@id": "DAD559ABCD",
          "set": "segmentation_annotation"
        }
      ]
    },
    {
      "@type": "Annotation",
      "@id": "45B2B48BB8",
      "target": {
        "@type": "TextSelector",
        "resource": "26E4",
        "offset": {
          "@type": "Offset",
          "begin": {
            "@type": "BeginAlignedCursor",
            "value": 1889
          },
          "end": {
            "@type": "BeginAlignedCursor",
            "value": 1890
          }
        }
      },
      "data": [
        {
          "@type": "AnnotationData",
          "@id": "637F1FC18A",
          "set": "segmentation_annotation"
        },
        {
          "@type": "AnnotationData",
          "@id": "DAD559ABCD",
          "set": "segmentation_annotation"
        }
      ]
    },
    {
      "@type": "Annotation",
      "@id": "AE2B28942B",
      "target": {
        "@type": "TextSelector",
        "resource": "26E4",
        "offset": {
          "@type": "Offset",
          "begin": {
            "@type": "BeginAlignedCursor",
            "value": 1890
          },
          "end": {
            "@type": "BeginAlignedCursor",
            "value": 1976
          }
        }
      },
      "data": [
        {
          "@type": "AnnotationData",
          "@id": "A2F7A8684C",
          "set": "segmentation_annotation"
        },
        {
          "@type": "AnnotationData",
          "@id": "DAD559ABCD",
          "set": "segmentation_annotation"
        }
      ]
    },
    {
      "@type": "Annotation",
      "@id": "30C91DDA3E",
      "target": {
        "@type": "TextSelector",
        "resource": "26E4",
        "offset": {
          "@type": "Offset",
          "begin": {
            "@type": "BeginAlignedCursor",
            "value": 1977
          },
          "end": {
            "@type": "BeginAlignedCursor",
            "value": 1978
          }
        }
      },
      "data": [
        {
          "@type": "AnnotationData",
          "@id": "08203A6AD8",
          "set": "segmentation_annotation"
        },
        {
          "@type": "AnnotationData",
          "@id": "DAD559ABCD",
          "set": "segmentation_annotation"
        }
      ]
    },
    {
      "@type": "Annotation",
      "@id": "82E986D5B5",
      "target": {
        "@type": "TextSelector",
        "resource": "26E4",
        "offset": {
          "@type": "Offset",
          "begin": {
            "@type": "BeginAlignedCursor",
            "value": 1978
          },
          "end": {
            "@type": "BeginAlignedCursor",
            "value": 2025
          }
        }
      },
      "data": [
        {
          "@type": "AnnotationData",
          "@id": "C0B49BC5B6",
          "set": "segmentation_annotation"
        },
        {
          "@type": "AnnotationData",
          "@id": "DAD559ABCD",
          "set": "segmentation_annotation"
        }
      ]
    },
    {
      "@type": "Annotation",
      "@id": "34C11249C3",
      "target": {
        "@type": "TextSelector",
        "resource": "26E4",
        "offset": {
          "@type": "Offset",
          "begin": {
            "@type": "BeginAlignedCursor",
            "value": 2025
          },
          "end": {
            "@type": "BeginAlignedCursor",
            "value": 2057
          }
        }
      },
      "data": [
        {
          "@type": "AnnotationData",
          "@id": "CEE27C94F9",
          "set": "segmentation_annotation"
        },
        {
          "@type": "AnnotationData",
          "@id": "DAD559ABCD",
          "set": "segmentation_annotation"
        }
      ]
    },
    {
      "@type": "Annotation",
      "@id": "AAD888B9B8",
      "target": {
        "@type": "TextSelector",
        "resource": "26E4",
        "offset": {
          "@type": "Offset",
          "begin": {
            "@type": "BeginAlignedCursor",
            "value": 2057
          },
          "end": {
            "@type": "BeginAlignedCursor",
            "value": 2058
          }
        }
      },
      "data": [
        {
          "@type": "AnnotationData",
          "@id": "EB6775F1EF",
          "set": "segmentation_annotation"
        },
        {
          "@type": "AnnotationData",
          "@id": "DAD559ABCD",
          "set": "segmentation_annotation"
        }
      ]
    },
    {
      "@type": "Annotation",
      "@id": "5154C959DD",
      "target": {
        "@type": "TextSelector",
        "resource": "26E4",
        "offset": {
          "@type": "Offset",
          "begin": {
            "@type": "BeginAlignedCursor",
            "value": 2058
          },
          "end": {
            "@type": "BeginAlignedCursor",
            "value": 2112
          }
        }
      },
      "data": [
        {
          "@type": "AnnotationData",
          "@id": "31303F3C23",
          "set": "segmentation_annotation"
        },
        {
          "@type": "AnnotationData",
          "@id": "DAD559ABCD",
          "set": "segmentation_annotation"
        }
      ]
    },
    {
      "@type": "Annotation",
      "@id": "5075CA414A",
      "target": {
        "@type": "TextSelector",
        "resource": "26E4",
        "offset": {
          "@type": "Offset",
          "begin": {
            "@type": "BeginAlignedCursor",
            "value": 2112
          },
          "end": {
            "@type": "BeginAlignedCursor",
            "value": 2112
          }
        }
      },
      "data": [
        {
          "@type": "AnnotationData",
          "@id": "FD09481D7A",
          "set": "segmentation_annotation"
        },
        {
          "@type": "AnnotationData",
          "@id": "DAD559ABCD",
          "set": "segmentation_annotation"
        }
      ]
    },
    {
      "@type": "Annotation",
      "@id": "5152298942",
      "target": {
        "@type": "TextSelector",
        "resource": "26E4",
        "offset": {
          "@type": "Offset",
          "begin": {
            "@type": "BeginAlignedCursor",
            "value": 2112
          },
          "end": {
            "@type": "BeginAlignedCursor",
            "value": 2124
          }
        }
      },
      "data": [
        {
          "@type": "AnnotationData",
          "@id": "BC51FC0CE3",
          "set": "segmentation_annotation"
        },
        {
          "@type": "AnnotationData",
          "@id": "DAD559ABCD",
          "set": "segmentation_annotation"
        }
      ]
    },
    {
      "@type": "Annotation",
      "@id": "C1144B8E3C",
      "target": {
        "@type": "TextSelector",
        "resource": "26E4",
        "offset": {
          "@type": "Offset",
          "begin": {
            "@type": "BeginAlignedCursor",
            "value": 2124
          },
          "end": {
            "@type": "BeginAlignedCursor",
            "value": 2135
          }
        }
      },
      "data": [
        {
          "@type": "AnnotationData",
          "@id": "844EA4ADB2",
          "set": "segmentation_annotation"
        },
        {
          "@type": "AnnotationData",
          "@id": "DAD559ABCD",
          "set": "segmentation_annotation"
        }
      ]
    },
    {
      "@type": "Annotation",
      "@id": "02785254C4",
      "target": {
        "@type": "TextSelector",
        "resource": "26E4",
        "offset": {
          "@type": "Offset",
          "begin": {
            "@type": "BeginAlignedCursor",
            "value": 2135
          },
          "end": {
            "@type": "BeginAlignedCursor",
            "value": 2155
          }
        }
      },
      "data": [
        {
          "@type": "AnnotationData",
          "@id": "ABAA346DBB",
          "set": "segmentation_annotation"
        },
        {
          "@type": "AnnotationData",
          "@id": "DAD559ABCD",
          "set": "segmentation_annotation"
        }
      ]
    },
    {
      "@type": "Annotation",
      "@id": "1112F66C02",
      "target": {
        "@type": "TextSelector",
        "resource": "26E4",
        "offset": {
          "@type": "Offset",
          "begin": {
            "@type": "BeginAlignedCursor",
            "value": 2156
          },
          "end": {
            "@type": "BeginAlignedCursor",
            "value": 2157
          }
        }
      },
      "data": [
        {
          "@type": "AnnotationData",
          "@id": "A654BE2296",
          "set": "segmentation_annotation"
        },
        {
          "@type": "AnnotationData",
          "@id": "DAD559ABCD",
          "set": "segmentation_annotation"
        }
      ]
    },
    {
      "@type": "Annotation",
      "@id": "4A24AD448F",
      "target": {
        "@type": "TextSelector",
        "resource": "26E4",
        "offset": {
          "@type": "Offset",
          "begin": {
            "@type": "BeginAlignedCursor",
            "value": 2157
          },
          "end": {
            "@type": "BeginAlignedCursor",
            "value": 2269
          }
        }
      },
      "data": [
        {
          "@type": "AnnotationData",
          "@id": "637B5EE08B",
          "set": "segmentation_annotation"
        },
        {
          "@type": "AnnotationData",
          "@id": "DAD559ABCD",
          "set": "segmentation_annotation"
        }
      ]
    },
    {
      "@type": "Annotation",
      "@id": "E7A7CE2ECC",
      "target": {
        "@type": "TextSelector",
        "resource": "26E4",
        "offset": {
          "@type": "Offset",
          "begin": {
            "@type": "BeginAlignedCursor",
            "value": 2270
          },
          "end": {
            "@type": "BeginAlignedCursor",
            "value": 2307
          }
        }
      },
      "data": [
        {
          "@type": "AnnotationData",
          "@id": "3004B2E7B4",
          "set": "segmentation_annotation"
        },
        {
          "@type": "AnnotationData",
          "@id": "DAD559ABCD",
          "set": "segmentation_annotation"
        }
      ]
    },
    {
      "@type": "Annotation",
      "@id": "4EF8DFD6BF",
      "target": {
        "@type": "TextSelector",
        "resource": "26E4",
        "offset": {
          "@type": "Offset",
          "begin": {
            "@type": "BeginAlignedCursor",
            "value": 2307
          },
          "end": {
            "@type": "BeginAlignedCursor",
            "value": 2336
          }
        }
      },
      "data": [
        {
          "@type": "AnnotationData",
          "@id": "43EF002304",
          "set": "segmentation_annotation"
        },
        {
          "@type": "AnnotationData",
          "@id": "DAD559ABCD",
          "set": "segmentation_annotation"
        }
      ]
    },
    {
      "@type": "Annotation",
      "@id": "AF6D3A804E",
      "target": {
        "@type": "TextSelector",
        "resource": "26E4",
        "offset": {
          "@type": "Offset",
          "begin": {
            "@type": "BeginAlignedCursor",
            "value": 2336
          },
          "end": {
            "@type": "BeginAlignedCursor",
            "value": 2366
          }
        }
      },
      "data": [
        {
          "@type": "AnnotationData",
          "@id": "6E74B681F8",
          "set": "segmentation_annotation"
        },
        {
          "@type": "AnnotationData",
          "@id": "DAD559ABCD",
          "set": "segmentation_annotation"
        }
      ]
    },
    {
      "@type": "Annotation",
      "@id": "649E9AB994",
      "target": {
        "@type": "TextSelector",
        "resource": "26E4",
        "offset": {
          "@type": "Offset",
          "begin": {
            "@type": "BeginAlignedCursor",
            "value": 2367
          },
          "end": {
            "@type": "BeginAlignedCursor",
            "value": 2367
          }
        }
      },
      "data": [
        {
          "@type": "AnnotationData",
          "@id": "B94DEEB328",
          "set": "segmentation_annotation"
        },
        {
          "@type": "AnnotationData",
          "@id": "DAD559ABCD",
          "set": "segmentation_annotation"
        }
      ]
    },
    {
      "@type": "Annotation",
      "@id": "CE7C773C3B",
      "target": {
        "@type": "TextSelector",
        "resource": "26E4",
        "offset": {
          "@type": "Offset",
          "begin": {
            "@type": "BeginAlignedCursor",
            "value": 2367
          },
          "end": {
            "@type": "BeginAlignedCursor",
            "value": 2455
          }
        }
      },
      "data": [
        {
          "@type": "AnnotationData",
          "@id": "190B7E74F7",
          "set": "segmentation_annotation"
        },
        {
          "@type": "AnnotationData",
          "@id": "DAD559ABCD",
          "set": "segmentation_annotation"
        }
      ]
    },
    {
      "@type": "Annotation",
      "@id": "41242F1CC2",
      "target": {
        "@type": "TextSelector",
        "resource": "26E4",
        "offset": {
          "@type": "Offset",
          "begin": {
            "@type": "BeginAlignedCursor",
            "value": 2455
          },
          "end": {
            "@type": "BeginAlignedCursor",
            "value": 2527
          }
        }
      },
      "data": [
        {
          "@type": "AnnotationData",
          "@id": "6CB3CCA4CD",
          "set": "segmentation_annotation"
        },
        {
          "@type": "AnnotationData",
          "@id": "DAD559ABCD",
          "set": "segmentation_annotation"
        }
      ]
    },
    {
      "@type": "Annotation",
      "@id": "4545212301",
      "target": {
        "@type": "TextSelector",
        "resource": "26E4",
        "offset": {
          "@type": "Offset",
          "begin": {
            "@type": "BeginAlignedCursor",
            "value": 2528
          },
          "end": {
            "@type": "BeginAlignedCursor",
            "value": 2528
          }
        }
      },
      "data": [
        {
          "@type": "AnnotationData",
          "@id": "AB4BB4B09C",
          "set": "segmentation_annotation"
        },
        {
          "@type": "AnnotationData",
          "@id": "DAD559ABCD",
          "set": "segmentation_annotation"
        }
      ]
    },
    {
      "@type": "Annotation",
      "@id": "52666A2605",
      "target": {
        "@type": "TextSelector",
        "resource": "26E4",
        "offset": {
          "@type": "Offset",
          "begin": {
            "@type": "BeginAlignedCursor",
            "value": 2528
          },
          "end": {
            "@type": "BeginAlignedCursor",
            "value": 2575
          }
        }
      },
      "data": [
        {
          "@type": "AnnotationData",
          "@id": "5534D58AEB",
          "set": "segmentation_annotation"
        },
        {
          "@type": "AnnotationData",
          "@id": "DAD559ABCD",
          "set": "segmentation_annotation"
        }
      ]
    },
    {
      "@type": "Annotation",
      "@id": "5A3E449A89",
      "target": {
        "@type": "TextSelector",
        "resource": "26E4",
        "offset": {
          "@type": "Offset",
          "begin": {
            "@type": "BeginAlignedCursor",
            "value": 2575
          },
          "end": {
            "@type": "BeginAlignedCursor",
            "value": 2596
          }
        }
      },
      "data": [
        {
          "@type": "AnnotationData",
          "@id": "ECC0ECB7E7",
          "set": "segmentation_annotation"
        },
        {
          "@type": "AnnotationData",
          "@id": "DAD559ABCD",
          "set": "segmentation_annotation"
        }
      ]
    },
    {
      "@type": "Annotation",
      "@id": "06A33DFE32",
      "target": {
        "@type": "TextSelector",
        "resource": "26E4",
        "offset": {
          "@type": "Offset",
          "begin": {
            "@type": "BeginAlignedCursor",
            "value": 2596
          },
          "end": {
            "@type": "BeginAlignedCursor",
            "value": 2615
          }
        }
      },
      "data": [
        {
          "@type": "AnnotationData",
          "@id": "6729603487",
          "set": "segmentation_annotation"
        },
        {
          "@type": "AnnotationData",
          "@id": "DAD559ABCD",
          "set": "segmentation_annotation"
        }
      ]
    },
    {
      "@type": "Annotation",
      "@id": "28648BA4DA",
      "target": {
        "@type": "TextSelector",
        "resource": "26E4",
        "offset": {
          "@type": "Offset",
          "begin": {
            "@type": "BeginAlignedCursor",
            "value": 2615
          },
          "end": {
            "@type": "BeginAlignedCursor",
            "value": 2641
          }
        }
      },
      "data": [
        {
          "@type": "AnnotationData",
          "@id": "B23B548A20",
          "set": "segmentation_annotation"
        },
        {
          "@type": "AnnotationData",
          "@id": "DAD559ABCD",
          "set": "segmentation_annotation"
        }
      ]
    },
    {
      "@type": "Annotation",
      "@id": "7DD25C6292",
      "target": {
        "@type": "TextSelector",
        "resource": "26E4",
        "offset": {
          "@type": "Offset",
          "begin": {
            "@type": "BeginAlignedCursor",
            "value": 2641
          },
          "end": {
            "@type": "BeginAlignedCursor",
            "value": 2685
          }
        }
      },
      "data": [
        {
          "@type": "AnnotationData",
          "@id": "CECA92ABA5",
          "set": "segmentation_annotation"
        },
        {
          "@type": "AnnotationData",
          "@id": "DAD559ABCD",
          "set": "segmentation_annotation"
        }
      ]
    },
    {
      "@type": "Annotation",
      "@id": "E7E66EAB8B",
      "target": {
        "@type": "TextSelector",
        "resource": "26E4",
        "offset": {
          "@type": "Offset",
          "begin": {
            "@type": "BeginAlignedCursor",
            "value": 2685
          },
          "end": {
            "@type": "BeginAlignedCursor",
            "value": 2721
          }
        }
      },
      "data": [
        {
          "@type": "AnnotationData",
          "@id": "342D634312",
          "set": "segmentation_annotation"
        },
        {
          "@type": "AnnotationData",
          "@id": "DAD559ABCD",
          "set": "segmentation_annotation"
        }
      ]
    },
    {
      "@type": "Annotation",
      "@id": "FC452C82C5",
      "target": {
        "@type": "TextSelector",
        "resource": "26E4",
        "offset": {
          "@type": "Offset",
          "begin": {
            "@type": "BeginAlignedCursor",
            "value": 2721
          },
          "end": {
            "@type": "BeginAlignedCursor",
            "value": 2763
          }
        }
      },
      "data": [
        {
          "@type": "AnnotationData",
          "@id": "0458515584",
          "set": "segmentation_annotation"
        },
        {
          "@type": "AnnotationData",
          "@id": "DAD559ABCD",
          "set": "segmentation_annotation"
        }
      ]
    },
    {
      "@type": "Annotation",
      "@id": "484655673D",
      "target": {
        "@type": "TextSelector",
        "resource": "26E4",
        "offset": {
          "@type": "Offset",
          "begin": {
            "@type": "BeginAlignedCursor",
            "value": 2764
          },
          "end": {
            "@type": "BeginAlignedCursor",
            "value": 2821
          }
        }
      },
      "data": [
        {
          "@type": "AnnotationData",
          "@id": "5746547D95",
          "set": "segmentation_annotation"
        },
        {
          "@type": "AnnotationData",
          "@id": "DAD559ABCD",
          "set": "segmentation_annotation"
        }
      ]
    },
    {
      "@type": "Annotation",
      "@id": "7C181CF8C5",
      "target": {
        "@type": "TextSelector",
        "resource": "26E4",
        "offset": {
          "@type": "Offset",
          "begin": {
            "@type": "BeginAlignedCursor",
            "value": 2821
          },
          "end": {
            "@type": "BeginAlignedCursor",
            "value": 2821
          }
        }
      },
      "data": [
        {
          "@type": "AnnotationData",
          "@id": "68461000F7",
          "set": "segmentation_annotation"
        },
        {
          "@type": "AnnotationData",
          "@id": "DAD559ABCD",
          "set": "segmentation_annotation"
        }
      ]
    },
    {
      "@type": "Annotation",
      "@id": "56B00AFF89",
      "target": {
        "@type": "TextSelector",
        "resource": "26E4",
        "offset": {
          "@type": "Offset",
          "begin": {
            "@type": "BeginAlignedCursor",
            "value": 2822
          },
          "end": {
            "@type": "BeginAlignedCursor",
            "value": 2923
          }
        }
      },
      "data": [
        {
          "@type": "AnnotationData",
          "@id": "99AAABC99D",
          "set": "segmentation_annotation"
        },
        {
          "@type": "AnnotationData",
          "@id": "DAD559ABCD",
          "set": "segmentation_annotation"
        }
      ]
    },
    {
      "@type": "Annotation",
      "@id": "A6AD47A990",
      "target": {
        "@type": "TextSelector",
        "resource": "26E4",
        "offset": {
          "@type": "Offset",
          "begin": {
            "@type": "BeginAlignedCursor",
            "value": 2924
          },
          "end": {
            "@type": "BeginAlignedCursor",
            "value": 2925
          }
        }
      },
      "data": [
        {
          "@type": "AnnotationData",
          "@id": "DB7FAEDE2D",
          "set": "segmentation_annotation"
        },
        {
          "@type": "AnnotationData",
          "@id": "DAD559ABCD",
          "set": "segmentation_annotation"
        }
      ]
    },
    {
      "@type": "Annotation",
      "@id": "4BEF91C14B",
      "target": {
        "@type": "TextSelector",
        "resource": "26E4",
        "offset": {
          "@type": "Offset",
          "begin": {
            "@type": "BeginAlignedCursor",
            "value": 2925
          },
          "end": {
            "@type": "BeginAlignedCursor",
            "value": 2972
          }
        }
      },
      "data": [
        {
          "@type": "AnnotationData",
          "@id": "F47B2F7B7B",
          "set": "segmentation_annotation"
        },
        {
          "@type": "AnnotationData",
          "@id": "DAD559ABCD",
          "set": "segmentation_annotation"
        }
      ]
    },
    {
      "@type": "Annotation",
      "@id": "B417F62600",
      "target": {
        "@type": "TextSelector",
        "resource": "26E4",
        "offset": {
          "@type": "Offset",
          "begin": {
            "@type": "BeginAlignedCursor",
            "value": 2972
          },
          "end": {
            "@type": "BeginAlignedCursor",
            "value": 3059
          }
        }
      },
      "data": [
        {
          "@type": "AnnotationData",
          "@id": "3EB6EA336E",
          "set": "segmentation_annotation"
        },
        {
          "@type": "AnnotationData",
          "@id": "DAD559ABCD",
          "set": "segmentation_annotation"
        }
      ]
    },
    {
      "@type": "Annotation",
      "@id": "E9B4BF84C8",
      "target": {
        "@type": "TextSelector",
        "resource": "26E4",
        "offset": {
          "@type": "Offset",
          "begin": {
            "@type": "BeginAlignedCursor",
            "value": 3059
          },
          "end": {
            "@type": "BeginAlignedCursor",
            "value": 3076
          }
        }
      },
      "data": [
        {
          "@type": "AnnotationData",
          "@id": "46D40ADF3C",
          "set": "segmentation_annotation"
        },
        {
          "@type": "AnnotationData",
          "@id": "DAD559ABCD",
          "set": "segmentation_annotation"
        }
      ]
    },
    {
      "@type": "Annotation",
      "@id": "6DFBD923FB",
      "target": {
        "@type": "TextSelector",
        "resource": "26E4",
        "offset": {
          "@type": "Offset",
          "begin": {
            "@type": "BeginAlignedCursor",
            "value": 3076
          },
          "end": {
            "@type": "BeginAlignedCursor",
            "value": 3106
          }
        }
      },
      "data": [
        {
          "@type": "AnnotationData",
          "@id": "F4F4F8FBCA",
          "set": "segmentation_annotation"
        },
        {
          "@type": "AnnotationData",
          "@id": "DAD559ABCD",
          "set": "segmentation_annotation"
        }
      ]
    },
    {
      "@type": "Annotation",
      "@id": "A4DB48D244",
      "target": {
        "@type": "TextSelector",
        "resource": "26E4",
        "offset": {
          "@type": "Offset",
          "begin": {
            "@type": "BeginAlignedCursor",
            "value": 3107
          },
          "end": {
            "@type": "BeginAlignedCursor",
            "value": 3134
          }
        }
      },
      "data": [
        {
          "@type": "AnnotationData",
          "@id": "3491026A2A",
          "set": "segmentation_annotation"
        },
        {
          "@type": "AnnotationData",
          "@id": "DAD559ABCD",
          "set": "segmentation_annotation"
        }
      ]
    },
    {
      "@type": "Annotation",
      "@id": "4C75472E34",
      "target": {
        "@type": "TextSelector",
        "resource": "26E4",
        "offset": {
          "@type": "Offset",
          "begin": {
            "@type": "BeginAlignedCursor",
            "value": 3134
          },
          "end": {
            "@type": "BeginAlignedCursor",
            "value": 3216
          }
        }
      },
      "data": [
        {
          "@type": "AnnotationData",
          "@id": "44AA4457E5",
          "set": "segmentation_annotation"
        },
        {
          "@type": "AnnotationData",
          "@id": "DAD559ABCD",
          "set": "segmentation_annotation"
        }
      ]
    },
    {
      "@type": "Annotation",
      "@id": "66DE94AA9A",
      "target": {
        "@type": "TextSelector",
        "resource": "26E4",
        "offset": {
          "@type": "Offset",
          "begin": {
            "@type": "BeginAlignedCursor",
            "value": 3217
          },
          "end": {
            "@type": "BeginAlignedCursor",
            "value": 3262
          }
        }
      },
      "data": [
        {
          "@type": "AnnotationData",
          "@id": "1B3AA4D28D",
          "set": "segmentation_annotation"
        },
        {
          "@type": "AnnotationData",
          "@id": "DAD559ABCD",
          "set": "segmentation_annotation"
        }
      ]
    },
    {
      "@type": "Annotation",
      "@id": "0B307033D3",
      "target": {
        "@type": "TextSelector",
        "resource": "26E4",
        "offset": {
          "@type": "Offset",
          "begin": {
            "@type": "BeginAlignedCursor",
            "value": 3263
          },
          "end": {
            "@type": "BeginAlignedCursor",
            "value": 3263
          }
        }
      },
      "data": [
        {
          "@type": "AnnotationData",
          "@id": "B88044D79F",
          "set": "segmentation_annotation"
        },
        {
          "@type": "AnnotationData",
          "@id": "DAD559ABCD",
          "set": "segmentation_annotation"
        }
      ]
    },
    {
      "@type": "Annotation",
      "@id": "2A5F60D016",
      "target": {
        "@type": "TextSelector",
        "resource": "26E4",
        "offset": {
          "@type": "Offset",
          "begin": {
            "@type": "BeginAlignedCursor",
            "value": 3263
          },
          "end": {
            "@type": "BeginAlignedCursor",
            "value": 3305
          }
        }
      },
      "data": [
        {
          "@type": "AnnotationData",
          "@id": "891DCD7D1B",
          "set": "segmentation_annotation"
        },
        {
          "@type": "AnnotationData",
          "@id": "DAD559ABCD",
          "set": "segmentation_annotation"
        }
      ]
    },
    {
      "@type": "Annotation",
      "@id": "9A54A11BF6",
      "target": {
        "@type": "TextSelector",
        "resource": "26E4",
        "offset": {
          "@type": "Offset",
          "begin": {
            "@type": "BeginAlignedCursor",
            "value": 3306
          },
          "end": {
            "@type": "BeginAlignedCursor",
            "value": 3501
          }
        }
      },
      "data": [
        {
          "@type": "AnnotationData",
          "@id": "085DBFE0B4",
          "set": "segmentation_annotation"
        },
        {
          "@type": "AnnotationData",
          "@id": "DAD559ABCD",
          "set": "segmentation_annotation"
        }
      ]
    },
    {
      "@type": "Annotation",
      "@id": "74CC43E399",
      "target": {
        "@type": "TextSelector",
        "resource": "26E4",
        "offset": {
          "@type": "Offset",
          "begin": {
            "@type": "BeginAlignedCursor",
            "value": 3501
          },
          "end": {
            "@type": "BeginAlignedCursor",
            "value": 3548
          }
        }
      },
      "data": [
        {
          "@type": "AnnotationData",
          "@id": "5645E2ABE6",
          "set": "segmentation_annotation"
        },
        {
          "@type": "AnnotationData",
          "@id": "DAD559ABCD",
          "set": "segmentation_annotation"
        }
      ]
    },
    {
      "@type": "Annotation",
      "@id": "BB9CC08E3B",
      "target": {
        "@type": "TextSelector",
        "resource": "26E4",
        "offset": {
          "@type": "Offset",
          "begin": {
            "@type": "BeginAlignedCursor",
            "value": 3549
          },
          "end": {
            "@type": "BeginAlignedCursor",
            "value": 3606
          }
        }
      },
      "data": [
        {
          "@type": "AnnotationData",
          "@id": "45DF19C9DF",
          "set": "segmentation_annotation"
        },
        {
          "@type": "AnnotationData",
          "@id": "DAD559ABCD",
          "set": "segmentation_annotation"
        }
      ]
    },
    {
      "@type": "Annotation",
      "@id": "55F0596FF5",
      "target": {
        "@type": "TextSelector",
        "resource": "26E4",
        "offset": {
          "@type": "Offset",
          "begin": {
            "@type": "BeginAlignedCursor",
            "value": 3607
          },
          "end": {
            "@type": "BeginAlignedCursor",
            "value": 3607
          }
        }
      },
      "data": [
        {
          "@type": "AnnotationData",
          "@id": "44EC3EF7F9",
          "set": "segmentation_annotation"
        },
        {
          "@type": "AnnotationData",
          "@id": "DAD559ABCD",
          "set": "segmentation_annotation"
        }
      ]
    },
    {
      "@type": "Annotation",
      "@id": "1AA1E334F9",
      "target": {
        "@type": "TextSelector",
        "resource": "26E4",
        "offset": {
          "@type": "Offset",
          "begin": {
            "@type": "BeginAlignedCursor",
            "value": 3607
          },
          "end": {
            "@type": "BeginAlignedCursor",
            "value": 3607
          }
        }
      },
      "data": [
        {
          "@type": "AnnotationData",
          "@id": "3E2D892689",
          "set": "segmentation_annotation"
        },
        {
          "@type": "AnnotationData",
          "@id": "DAD559ABCD",
          "set": "segmentation_annotation"
        }
      ]
    }
  ]
}