{
  "@type": "AnnotationStore",
  "@id": "I999EDD0C",
  "resources": [
    {
      "@type": "TextResource",
      "@id": "26E4",
      "@include": "../../base/26E4.txt"
    }
  ],
  "annotationsets": [
    {
      "@type": "AnnotationDataSet",
      "@id": "segmentation_annotation",
      "keys": [
        {
          "@type": "DataKey",
          "@id": "root_idx_mapping"
        },
        {
          "@type": "DataKey",
          "@id": "segmentation_type"
        }
      ],
      "data": [
        {
          "@type": "AnnotationData",
          "@id": "584F345B5E",
          "key": "root_idx_mapping",
          "value": {
            "@type": "String",
            "value": "1"
          }
        },
        {
          "@type": "AnnotationData",
          "@id": "16DB0D2D74",
          "key": "segmentation_type",
          "value": {
            "@type": "String",
            "value": "segmentation"
          }
        },
        {
          "@type": "AnnotationData",
          "@id": "F3A519F531",
          "key": "root_idx_mapping",
          "value": {
            "@type": "String",
            "value": "2"
          }
        },
        {
          "@type": "AnnotationData",
          "@id": "6414676483",
          "key": "root_idx_mapping",
          "value": {
            "@type": "String",
            "value": "3"
          }
        },
        {
          "@type": "AnnotationData",
          "@id": "7384160A43",
          "key": "root_idx_mapping",
          "value": {
            "@type": "String",
            "value": "4"
          }
        },
        {
          "@type": "AnnotationData",
          "@id": "3FB466CCB4",
          "key": "root_idx_mapping",
          "value": {
            "@type": "String",
            "value": "5"
          }
        },
        {
          "@type": "AnnotationData",
          "@id": "B62A18AAEC",
          "key": "root_idx_mapping",
          "value": {
            "@type": "String",
            "value": "6"
          }
        },
        {
          "@type": "AnnotationData",
          "@id": "DECAD00A90",
          "key": "root_idx_mapping",
          "value": {
            "@type": "String",
            "value": "7"
          }
        },
        {
          "@type": "AnnotationData",
          "@id": "D8A5C668D3",
          "key": "root_idx_mapping",
          "value": {
            "@type": "String",
            "value": "8"
          }
        },
        {
          "@type": "AnnotationData",
          "@id": "19BAB2BFFC",
          "key": "root_idx_mapping",
          "value": {
            "@type": "String",
            "value": "9"
          }
        },
        {
          "@type": "AnnotationData",
          "@id": "CFB3B4D52E",
          "key": "root_idx_mapping",
          "value": {
            "@type": "String",
            "value": "10"
          }
        },
        {
          "@type": "AnnotationData",
          "@id": "07E8320A89",
          "key": "root_idx_mapping",
          "value": {
            "@type": "String",
            "value": "11"
          }
        },
        {
          "@type": "AnnotationData",
          "@id": "CD7EEE04E8",
          "key": "root_idx_mapping",
          "value": {
            "@type": "String",
            "value": "12"
          }
        },
        {
          "@type": "AnnotationData",
          "@id": "CBDD83398D",
          "key": "root_idx_mapping",
          "value": {
            "@type": "String",
            "value": "13"
          }
        },
        {
          "@type": "AnnotationData",
          "@id": "33234E4767",
          "key": "root_idx_mapping",
          "value": {
            "@type": "String",
            "value": "14"
          }
        },
        {
          "@type": "AnnotationData",
          "@id": "3939896986",
          "key": "root_idx_mapping",
          "value": {
            "@type": "String",
            "value": "15"
          }
        },
        {
          "@type": "AnnotationData",
          "@id": "4083A3D8BD",
          "key": "root_idx_mapping",
          "value": {
            "@type": "String",
            "value": "16"
          }
        },
        {
          "@type": "AnnotationData",
          "@id": "4644A4B001",
          "key": "root_idx_mapping",
          "value": {
            "@type": "String",
            "value": "17"
          }
        },
        {
          "@type": "AnnotationData",
          "@id": "DBB9B42B81",
          "key": "root_idx_mapping",
          "value": {
            "@type": "String",
            "value": "18"
          }
        },
        {
          "@type": "AnnotationData",
          "@id": "9EB2AF991E",
          "key": "root_idx_mapping",
          "value": {
            "@type": "String",
            "value": "19"
          }
        },
        {
          "@type": "AnnotationData",
          "@id": "6432632E6C",
          "key": "root_idx_mapping",
          "value": {
            "@type": "String",
            "value": "20"
          }
        },
        {
          "@type": "AnnotationData",
          "@id": "94F721BFF1",
          "key": "root_idx_mapping",
          "value": {
            "@type": "String",
            "value": "21"
          }
        },
        {
          "@type": "AnnotationData",
          "@id": "9590B0FFC9",
          "key": "root_idx_mapping",
          "value": {
            "@type": "String",
            "value": "22"
          }
        },
        {
          "@type": "AnnotationData",
          "@id": "47653B5A9B",
          "key": "root_idx_mapping",
          "value": {
            "@type": "String",
            "value": "23"
          }
        },
        {
          "@type": "AnnotationData",
          "@id": "5BB19A8419",
          "key": "root_idx_mapping",
          "value": {
            "@type": "String",
            "value": "24"
          }
        },
        {
          "@type": "AnnotationData",
          "@id": "BC1C1C1209",
          "key": "root_idx_mapping",
          "value": {
            "@type": "String",
            "value": "25"
          }
        },
        {
          "@type": "AnnotationData",
          "@id": "4D0D448FB9",
          "key": "root_idx_mapping",
          "value": {
            "@type": "String",
            "value": "26"
          }
        },
        {
          "@type": "AnnotationData",
          "@id": "8AD59C2A9F",
          "key": "root_idx_mapping",
          "value": {
            "@type": "String",
            "value": "27"
          }
        },
        {
          "@type": "AnnotationData",
          "@id": "791C224DC1",
          "key": "root_idx_mapping",
          "value": {
            "@type": "String",
            "value": "28"
          }
        },
        {
          "@type": "AnnotationData",
          "@id": "DCDD572B12",
          "key": "root_idx_mapping",
          "value": {
            "@type": "String",
            "value": "29"
          }
        },
        {
          "@type": "AnnotationData",
          "@id": "8B1DB6A4BD",
          "key": "root_idx_mapping",
          "value": {
            "@type": "String",
            "value": "30"
          }
        },
        {
          "@type": "AnnotationData",
          "@id": "457039E5A3",
          "key": "root_idx_mapping",
          "value": {
            "@type": "String",
            "value": "31"
          }
        },
        {
          "@type": "AnnotationData",
          "@id": "5A8B5B7574",
          "key": "root_idx_mapping",
          "value": {
            "@type": "String",
            "value": "32"
          }
        }
      ]
    }
  ],
  "annotations": [
    {
      "@type": "Annotation",
      "@id": "8C89EDC885",
      "target": {
        "@type": "TextSelector",
        "resource": "26E4",
        "offset": {
          "@type": "Offset",
          "begin": {
            "@type": "BeginAlignedCursor",
            "value": 0
          },
          "end": {
            "@type": "BeginAlignedCursor",
            "value": 54
          }
        }
      },
      "data": [
        {
          "@type": "AnnotationData",
          "@id": "584F345B5E",
          "set": "segmentation_annotation"
        },
        {
          "@type": "AnnotationData",
          "@id": "16DB0D2D74",
          "set": "segmentation_annotation"
        }
      ]
    },
    {
      "@type": "Annotation",
      "@id": "7F93D65BD7",
      "target": {
        "@type": "TextSelector",
        "resource": "26E4",
        "offset": {
          "@type": "Offset",
          "begin": {
            "@type": "BeginAlignedCursor",
            "value": 55
          },
          "end": {
            "@type": "BeginAlignedCursor",
            "value": 110
          }
        }
      },
      "data": [
        {
          "@type": "AnnotationData",
          "@id": "F3A519F531",
          "set": "segmentation_annotation"
        },
        {
          "@type": "AnnotationData",
          "@id": "16DB0D2D74",
          "set": "segmentation_annotation"
        }
      ]
    },
    {
      "@type": "Annotation",
      "@id": "EECCA0C8D1",
      "target": {
        "@type": "TextSelector",
        "resource": "26E4",
        "offset": {
          "@type": "Offset",
          "begin": {
            "@type": "BeginAlignedCursor",
            "value": 111
          },
          "end": {
            "@type": "BeginAlignedCursor",
            "value": 175
          }
        }
      },
      "data": [
        {
          "@type": "AnnotationData",
          "@id": "6414676483",
          "set": "segmentation_annotation"
        },
        {
          "@type": "AnnotationData",
          "@id": "16DB0D2D74",
          "set": "segmentation_annotation"
        }
      ]
    },
    {
      "@type": "Annotation",
      "@id": "51821B43DF",
      "target": {
        "@type": "TextSelector",
        "resource": "26E4",
        "offset": {
          "@type": "Offset",
          "begin": {
            "@type": "BeginAlignedCursor",
            "value": 176
          },
          "end": {
            "@type": "BeginAlignedCursor",
            "value": 193
          }
        }
      },
      "data": [
        {
          "@type": "AnnotationData",
          "@id": "7384160A43",
          "set": "segmentation_annotation"
        },
        {
          "@type": "AnnotationData",
          "@id": "16DB0D2D74",
          "set": "segmentation_annotation"
        }
      ]
    },
    {
      "@type": "Annotation",
      "@id": "84B69444B4",
      "target": {
        "@type": "TextSelector",
        "resource": "26E4",
        "offset": {
          "@type": "Offset",
          "begin": {
            "@type": "BeginAlignedCursor",
            "value": 194
          },
          "end": {
            "@type": "BeginAlignedCursor",
            "value": 251
          }
        }
      },
      "data": [
        {
          "@type": "AnnotationData",
          "@id": "3FB466CCB4",
          "set": "segmentation_annotation"
        },
        {
          "@type": "AnnotationData",
          "@id": "16DB0D2D74",
          "set": "segmentation_annotation"
        }
      ]
    },
    {
      "@type": "Annotation",
      "@id": "3C11EA26E3",
      "target": {
        "@type": "TextSelector",
        "resource": "26E4",
        "offset": {
          "@type": "Offset",
          "begin": {
            "@type": "BeginAlignedCursor",
            "value": 252
          },
          "end": {
            "@type": "BeginAlignedCursor",
            "value": 287
          }
        }
      },
      "data": [
        {
          "@type": "AnnotationData",
          "@id": "B62A18AAEC",
          "set": "segmentation_annotation"
        },
        {
          "@type": "AnnotationData",
          "@id": "16DB0D2D74",
          "set": "segmentation_annotation"
        }
      ]
    },
    {
      "@type": "Annotation",
      "@id": "A0397118AD",
      "target": {
        "@type": "TextSelector",
        "resource": "26E4",
        "offset": {
          "@type": "Offset",
          "begin": {
            "@type": "BeginAlignedCursor",
            "value": 288
          },
          "end": {
            "@type": "BeginAlignedCursor",
            "value": 428
          }
        }
      },
      "data": [
        {
          "@type": "AnnotationData",
          "@id": "DECAD00A90",
          "set": "segmentation_annotation"
        },
        {
          "@type": "AnnotationData",
          "@id": "16DB0D2D74",
          "set": "segmentation_annotation"
        }
      ]
    },
    {
      "@type": "Annotation",
      "@id": "B5B55FB0DA",
      "target": {
        "@type": "TextSelector",
        "resource": "26E4",
        "offset": {
          "@type": "Offset",
          "begin": {
            "@type": "BeginAlignedCursor",
            "value": 429
          },
          "end": {
            "@type": "BeginAlignedCursor",
            "value": 527
          }
        }
      },
      "data": [
        {
          "@type": "AnnotationData",
          "@id": "D8A5C668D3",
          "set": "segmentation_annotation"
        },
        {
          "@type": "AnnotationData",
          "@id": "16DB0D2D74",
          "set": "segmentation_annotation"
        }
      ]
    },
    {
      "@type": "Annotation",
      "@id": "CC2CCC2020",
      "target": {
        "@type": "TextSelector",
        "resource": "26E4",
        "offset": {
          "@type": "Offset",
          "begin": {
            "@type": "BeginAlignedCursor",
            "value": 528
          },
          "end": {
            "@type": "BeginAlignedCursor",
            "value": 669
          }
        }
      },
      "data": [
        {
          "@type": "AnnotationData",
          "@id": "19BAB2BFFC",
          "set": "segmentation_annotation"
        },
        {
          "@type": "AnnotationData",
          "@id": "16DB0D2D74",
          "set": "segmentation_annotation"
        }
      ]
    },
    {
      "@type": "Annotation",
      "@id": "03D1428B40",
      "target": {
        "@type": "TextSelector",
        "resource": "26E4",
        "offset": {
          "@type": "Offset",
          "begin": {
            "@type": "BeginAlignedCursor",
            "value": 670
          },
          "end": {
            "@type": "BeginAlignedCursor",
            "value": 730
          }
        }
      },
      "data": [
        {
          "@type": "AnnotationData",
          "@id": "CFB3B4D52E",
          "set": "segmentation_annotation"
        },
        {
          "@type": "AnnotationData",
          "@id": "16DB0D2D74",
          "set": "segmentation_annotation"
        }
      ]
    },
    {
      "@type": "Annotation",
      "@id": "2510814C11",
      "target": {
        "@type": "TextSelector",
        "resource": "26E4",
        "offset": {
          "@type": "Offset",
          "begin": {
            "@type": "BeginAlignedCursor",
            "value": 731
          },
          "end": {
            "@type": "BeginAlignedCursor",
            "value": 861
          }
        }
      },
      "data": [
        {
          "@type": "AnnotationData",
          "@id": "07E8320A89",
          "set": "segmentation_annotation"
        },
        {
          "@type": "AnnotationData",
          "@id": "16DB0D2D74",
          "set": "segmentation_annotation"
        }
      ]
    },
    {
      "@type": "Annotation",
      "@id": "88D68C0496",
      "target": {
        "@type": "TextSelector",
        "resource": "26E4",
        "offset": {
          "@type": "Offset",
          "begin": {
            "@type": "BeginAlignedCursor",
            "value": 862
          },
          "end": {
            "@type": "BeginAlignedCursor",
            "value": 1321
          }
        }
      },
      "data": [
        {
          "@type": "AnnotationData",
          "@id": "CD7EEE04E8",
          "set": "segmentation_annotation"
        },
        {
          "@type": "AnnotationData",
          "@id": "16DB0D2D74",
          "set": "segmentation_annotation"
        }
      ]
    },
    {
      "@type": "Annotation",
      "@id": "E2E129462A",
      "target": {
        "@type": "TextSelector",
        "resource": "26E4",
        "offset": {
          "@type": "Offset",
          "begin": {
            "@type": "BeginAlignedCursor",
            "value": 1322
          },
          "end": {
            "@type": "BeginAlignedCursor",
            "value": 1362
          }
        }
      },
      "data": [
        {
          "@type": "AnnotationData",
          "@id": "CBDD83398D",
          "set": "segmentation_annotation"
        },
        {
          "@type": "AnnotationData",
          "@id": "16DB0D2D74",
          "set": "segmentation_annotation"
        }
      ]
    },
    {
      "@type": "Annotation",
      "@id": "B81C5C9FE4",
      "target": {
        "@type": "TextSelector",
        "resource": "26E4",
        "offset": {
          "@type": "Offset",
          "begin": {
            "@type": "BeginAlignedCursor",
            "value": 1363
          },
          "end": {
            "@type": "BeginAlignedCursor",
            "value": 1363
          }
        }
      },
      "data": [
        {
          "@type": "AnnotationData",
          "@id": "33234E4767",
          "set": "segmentation_annotation"
        },
        {
          "@type": "AnnotationData",
          "@id": "16DB0D2D74",
          "set": "segmentation_annotation"
        }
      ]
    },
    {
      "@type": "Annotation",
      "@id": "2070BD0007",
      "target": {
        "@type": "TextSelector",
        "resource": "26E4",
        "offset": {
          "@type": "Offset",
          "begin": {
            "@type": "BeginAlignedCursor",
            "value": 1364
          },
          "end": {
            "@type": "BeginAlignedCursor",
            "value": 1435
          }
        }
      },
      "data": [
        {
          "@type": "AnnotationData",
          "@id": "3939896986",
          "set": "segmentation_annotation"
        },
        {
          "@type": "AnnotationData",
          "@id": "16DB0D2D74",
          "set": "segmentation_annotation"
        }
      ]
    },
    {
      "@type": "Annotation",
      "@id": "AA6A27A6A1",
      "target": {
        "@type": "TextSelector",
        "resource": "26E4",
        "offset": {
          "@type": "Offset",
          "begin": {
            "@type": "BeginAlignedCursor",
            "value": 1436
          },
          "end": {
            "@type": "BeginAlignedCursor",
            "value": 1516
          }
        }
      },
      "data": [
        {
          "@type": "AnnotationData",
          "@id": "4083A3D8BD",
          "set": "segmentation_annotation"
        },
        {
          "@type": "AnnotationData",
          "@id": "16DB0D2D74",
          "set": "segmentation_annotation"
        }
      ]
    },
    {
      "@type": "Annotation",
      "@id": "FA0980F133",
      "target": {
        "@type": "TextSelector",
        "resource": "26E4",
        "offset": {
          "@type": "Offset",
          "begin": {
            "@type": "BeginAlignedCursor",
            "value": 1517
          },
          "end": {
            "@type": "BeginAlignedCursor",
            "value": 1667
          }
        }
      },
      "data": [
        {
          "@type": "AnnotationData",
          "@id": "4644A4B001",
          "set": "segmentation_annotation"
        },
        {
          "@type": "AnnotationData",
          "@id": "16DB0D2D74",
          "set": "segmentation_annotation"
        }
      ]
    },
    {
      "@type": "Annotation",
      "@id": "14913C468E",
      "target": {
        "@type": "TextSelector",
        "resource": "26E4",
        "offset": {
          "@type": "Offset",
          "begin": {
            "@type": "BeginAlignedCursor",
            "value": 1668
          },
          "end": {
            "@type": "BeginAlignedCursor",
            "value": 1888
          }
        }
      },
      "data": [
        {
          "@type": "AnnotationData",
          "@id": "DBB9B42B81",
          "set": "segmentation_annotation"
        },
        {
          "@type": "AnnotationData",
          "@id": "16DB0D2D74",
          "set": "segmentation_annotation"
        }
      ]
    },
    {
      "@type": "Annotation",
      "@id": "D444778C74",
      "target": {
        "@type": "TextSelector",
        "resource": "26E4",
        "offset": {
          "@type": "Offset",
          "begin": {
            "@type": "BeginAlignedCursor",
            "value": 1889
          },
          "end": {
            "@type": "BeginAlignedCursor",
            "value": 1976
          }
        }
      },
      "data": [
        {
          "@type": "AnnotationData",
          "@id": "9EB2AF991E",
          "set": "segmentation_annotation"
        },
        {
          "@type": "AnnotationData",
          "@id": "16DB0D2D74",
          "set": "segmentation_annotation"
        }
      ]
    },
    {
      "@type": "Annotation",
      "@id": "B313A11312",
      "target": {
        "@type": "TextSelector",
        "resource": "26E4",
        "offset": {
          "@type": "Offset",
          "begin": {
            "@type": "BeginAlignedCursor",
            "value": 1977
          },
          "end": {
            "@type": "BeginAlignedCursor",
            "value": 2155
          }
        }
      },
      "data": [
        {
          "@type": "AnnotationData",
          "@id": "6432632E6C",
          "set": "segmentation_annotation"
        },
        {
          "@type": "AnnotationData",
          "@id": "16DB0D2D74",
          "set": "segmentation_annotation"
        }
      ]
    },
    {
      "@type": "Annotation",
      "@id": "F486C8418F",
      "target": {
        "@type": "TextSelector",
        "resource": "26E4",
        "offset": {
          "@type": "Offset",
          "begin": {
            "@type": "BeginAlignedCursor",
            "value": 2156
          },
          "end": {
            "@type": "BeginAlignedCursor",
            "value": 2269
          }
        }
      },
      "data": [
        {
          "@type": "AnnotationData",
          "@id": "94F721BFF1",
          "set": "segmentation_annotation"
        },
        {
          "@type": "AnnotationData",
          "@id": "16DB0D2D74",
          "set": "segmentation_annotation"
        }
      ]
    },
    {
      "@type": "Annotation",
      "@id": "04A0289526",
      "target": {
        "@type": "TextSelector",
        "resource": "26E4",
        "offset": {
          "@type": "Offset",
          "begin": {
            "@type": "BeginAlignedCursor",
            "value": 2270
          },
          "end": {
            "@type": "BeginAlignedCursor",
            "value": 2366
          }
        }
      },
      "data": [
        {
          "@type": "AnnotationData",
          "@id": "9590B0FFC9",
          "set": "segmentation_annotation"
        },
        {
          "@type": "AnnotationData",
          "@id": "16DB0D2D74",
          "set": "segmentation_annotation"
        }
      ]
    },
    {
      "@type": "Annotation",
      "@id": "2CFA7991F1",
      "target": {
        "@type": "TextSelector",
        "resource": "26E4",
        "offset": {
          "@type": "Offset",
          "begin": {
            "@type": "BeginAlignedCursor",
            "value": 2367
          },
          "end": {
            "@type": "BeginAlignedCursor",
            "value": 2527
          }
        }
      },
      "data": [
        {
          "@type": "AnnotationData",
          "@id": "47653B5A9B",
          "set": "segmentation_annotation"
        },
        {
          "@type": "AnnotationData",
          "@id": "16DB0D2D74",
          "set": "segmentation_annotation"
        }
      ]
    },
    {
      "@type": "Annotation",
      "@id": "1B83E5A108",
      "target": {
        "@type": "TextSelector",
        "resource": "26E4",
        "offset": {
          "@type": "Offset",
          "begin": {
            "@type": "BeginAlignedCursor",
            "value": 2528
          },
          "end": {
            "@type": "BeginAlignedCursor",
            "value": 2763
          }
        }
      },
      "data": [
        {
          "@type": "AnnotationData",
          "@id": "5BB19A8419",
          "set": "segmentation_annotation"
        },
        {
          "@type": "AnnotationData",
          "@id": "16DB0D2D74",
          "set": "segmentation_annotation"
        }
      ]
    },
    {
      "@type": "Annotation",
      "@id": "80A9D99D44",
      "target": {
        "@type": "TextSelector",
        "resource": "26E4",
        "offset": {
          "@type": "Offset",
          "begin": {
            "@type": "BeginAlignedCursor",
            "value": 2764
          },
          "end": {
            "@type": "BeginAlignedCursor",
            "value": 2821
          }
        }
      },
      "data": [
        {
          "@type": "AnnotationData",
          "@id": "BC1C1C1209",
          "set": "segmentation_annotation"
        },
        {
          "@type": "AnnotationData",
          "@id": "16DB0D2D74",
          "set": "segmentation_annotation"
        }
      ]
    },
    {
      "@type": "Annotation",
      "@id": "2ACBFD49BC",
      "target": {
        "@type": "TextSelector",
        "resource": "26E4",
        "offset": {
          "@type": "Offset",
          "begin": {
            "@type": "BeginAlignedCursor",
            "value": 2822
          },
          "end": {
            "@type": "BeginAlignedCursor",
            "value": 2923
          }
        }
      },
      "data": [
        {
          "@type": "AnnotationData",
          "@id": "4D0D448FB9",
          "set": "segmentation_annotation"
        },
        {
          "@type": "AnnotationData",
          "@id": "16DB0D2D74",
          "set": "segmentation_annotation"
        }
      ]
    },
    {
      "@type": "Annotation",
      "@id": "B16051956B",
      "target": {
        "@type": "TextSelector",
        "resource": "26E4",
        "offset": {
          "@type": "Offset",
          "begin": {
            "@type": "BeginAlignedCursor",
            "value": 2924
          },
          "end": {
            "@type": "BeginAlignedCursor",
            "value": 3106
          }
        }
      },
      "data": [
        {
          "@type": "AnnotationData",
          "@id": "8AD59C2A9F",
          "set": "segmentation_annotation"
        },
        {
          "@type": "AnnotationData",
          "@id": "16DB0D2D74",
          "set": "segmentation_annotation"
        }
      ]
    },
    {
      "@type": "Annotation",
      "@id": "4734C7CCF9",
      "target": {
        "@type": "TextSelector",
        "resource": "26E4",
        "offset": {
          "@type": "Offset",
          "begin": {
            "@type": "BeginAlignedCursor",
            "value": 3107
          },
          "end": {
            "@type": "BeginAlignedCursor",
            "value": 3216
          }
        }
      },
      "data": [
        {
          "@type": "AnnotationData",
          "@id": "791C224DC1",
          "set": "segmentation_annotation"
        },
        {
          "@type": "AnnotationData",
          "@id": "16DB0D2D74",
          "set": "segmentation_annotation"
        }
      ]
    },
    {
      "@type": "Annotation",
      "@id": "8ED1F6FAF4",
      "target": {
        "@type": "TextSelector",
        "resource": "26E4",
        "offset": {
          "@type": "Offset",
          "begin": {
            "@type": "BeginAlignedCursor",
            "value": 3217
          },
          "end": {
            "@type": "BeginAlignedCursor",
            "value": 3262
          }
        }
      },
      "data": [
        {
          "@type": "AnnotationData",
          "@id": "DCDD572B12",
          "set": "segmentation_annotation"
        },
        {
          "@type": "AnnotationData",
          "@id": "16DB0D2D74",
          "set": "segmentation_annotation"
        }
      ]
    },
    {
      "@type": "Annotation",
      "@id": "F065FF8F36",
      "target": {
        "@type": "TextSelector",
        "resource": "26E4",
        "offset": {
          "@type": "Offset",
          "begin": {
            "@type": "BeginAlignedCursor",
            "value": 3263
          },
          "end": {
            "@type": "BeginAlignedCursor",
            "value": 3305
          }
        }
      },
      "data": [
        {
          "@type": "AnnotationData",
          "@id": "8B1DB6A4BD",
          "set": "segmentation_annotation"
        },
        {
          "@type": "AnnotationData",
          "@id": "16DB0D2D74",
          "set": "segmentation_annotation"
        }
      ]
    },
    {
      "@type": "Annotation",
      "@id": "53A2068D4B",
      "target": {
        "@type": "TextSelector",
        "resource": "26E4",
        "offset": {
          "@type": "Offset",
          "begin": {
            "@type": "BeginAlignedCursor",
            "value": 3306
          },
          "end": {
            "@type": "BeginAlignedCursor",
            "value": 3548
          }
        }
      },
      "data": [
        {
          "@type": "AnnotationData",
          "@id": "457039E5A3",
          "set": "segmentation_annotation"
        },
        {
          "@type": "AnnotationData",
          "@id": "16DB0D2D74",
          "set": "segmentation_annotation"
        }
      ]
    },
    {
      "@type": "Annotation",
      "@id": "694696C0CD",
      "target": {
        "@type": "TextSelector",
        "resource": "26E4",
        "offset": {
          "@type": "Offset",
          "begin": {
            "@type": "BeginAlignedCursor",
            "value": 3549
          },
          "end": {
            "@type": "BeginAlignedCursor",
            "value": 3606
          }
        }
      },
      "data": [
        {
          "@type": "AnnotationData",
          "@id": "5A8B5B7574",
          "set": "segmentation_annotation"
        },
        {
          "@type": "AnnotationData",
          "@id": "16DB0D2D74",
          "set": "segmentation_annotation"
        }
      ]
    }
  ]
}