{
  "id": "I6E633605",
  "title": {
    "bo": "ཤེས་རབ་ཀྱི་ཕ་རོལ་ཏུ་ཕྱིན་པའི་སྙིང་པོ།",
    "en": "The Heart of the Perfection of Wisdom",
    "lzh": "般若波罗蜜多心经"
  },
  "author": {
    "lzh": "Openpecha AI"
  },
  "imported": "2025-05-21T14:52:18.108579",
  "source": "Openpecha",
  "toolkit_version": "2.1.12",
  "parser": "DocxRootParser",
  "initial_creation_type": "google_docx",
  "language": "lzh",
  "source_metadata": {
    "date": null,
    "source_url": null,
    "source_type": "docx",
    "document_id": "1CWTU8aSJoPHRKN2M1EvtBXEqOP1cQLyfQFfRww0lf9s",
    "presentation": null,
    "usage_title": null,
    "long_title": {
      "lzh": "般若波罗蜜多心经"
    },
    "alt_titles": null,
    "commentary_of": null,
    "version_of": null,
    "translation_of": "I999EDD0C",
    "category": null,
    "bdrc": null
  },
  "bases": {},
  "copyright": {
    "status": "Unknown",
    "notice": "",
    "info_url": null
  },
  "licence": "Unknown",
  "legacy_id": null,
  "source_file": null,
  "ocr_import_info": null,
  "statistics": null,
  "quality": null,
  "last_modified": "2025-05-21T14:52:18.108564"
}