{
  "@type": "AnnotationStore",
  "@id": "I27877531",
  "resources": [
    {
      "@type": "TextResource",
      "@id": "A5C8",
      "@include": "../../base/A5C8.txt"
    }
  ],
  "annotationsets": [
    {
      "@type": "AnnotationDataSet",
      "@id": "segmentation_annotation",
      "keys": [
        {
          "@type": "DataKey",
          "@id": "root_idx_mapping"
        },
        {
          "@type": "DataKey",
          "@id": "segmentation_type"
        }
      ],
      "data": [
        {
          "@type": "AnnotationData",
          "@id": "8088778E6B",
          "key": "root_idx_mapping",
          "value": {
            "@type": "String",
            "value": "1"
          }
        },
        {
          "@type": "AnnotationData",
          "@id": "18F9E1E9B5",
          "key": "segmentation_type",
          "value": {
            "@type": "String",
            "value": "alignment"
          }
        },
        {
          "@type": "AnnotationData",
          "@id": "5BC0C7B5C0",
          "key": "root_idx_mapping",
          "value": {
            "@type": "String",
            "value": "2"
          }
        },
        {
          "@type": "AnnotationData",
          "@id": "140D4C1000",
          "key": "root_idx_mapping",
          "value": {
            "@type": "String",
            "value": "3"
          }
        },
        {
          "@type": "AnnotationData",
          "@id": "C4262B822B",
          "key": "root_idx_mapping",
          "value": {
            "@type": "String",
            "value": "4"
          }
        },
        {
          "@type": "AnnotationData",
          "@id": "1911B59029",
          "key": "root_idx_mapping",
          "value": {
            "@type": "String",
            "value": "5"
          }
        },
        {
          "@type": "AnnotationData",
          "@id": "B2B3CFC0FD",
          "key": "root_idx_mapping",
          "value": {
            "@type": "String",
            "value": "6"
          }
        },
        {
          "@type": "AnnotationData",
          "@id": "6446ED3439",
          "key": "root_idx_mapping",
          "value": {
            "@type": "String",
            "value": "7"
          }
        },
        {
          "@type": "AnnotationData",
          "@id": "400EC70AFA",
          "key": "root_idx_mapping",
          "value": {
            "@type": "String",
            "value": "8"
          }
        },
        {
          "@type": "AnnotationData",
          "@id": "DCD1D233DB",
          "key": "root_idx_mapping",
          "value": {
            "@type": "String",
            "value": "9"
          }
        },
        {
          "@type": "AnnotationData",
          "@id": "539CCFA805",
          "key": "root_idx_mapping",
          "value": {
            "@type": "String",
            "value": "10"
          }
        },
        {
          "@type": "AnnotationData",
          "@id": "6A144AAC82",
          "key": "root_idx_mapping",
          "value": {
            "@type": "String",
            "value": "11"
          }
        },
        {
          "@type": "AnnotationData",
          "@id": "2FC6F7F1C7",
          "key": "root_idx_mapping",
          "value": {
            "@type": "String",
            "value": "12"
          }
        },
        {
          "@type": "AnnotationData",
          "@id": "5008708077",
          "key": "root_idx_mapping",
          "value": {
            "@type": "String",
            "value": "13"
          }
        },
        {
          "@type": "AnnotationData",
          "@id": "6064419E67",
          "key": "root_idx_mapping",
          "value": {
            "@type": "String",
            "value": "14"
          }
        },
        {
          "@type": "AnnotationData",
          "@id": "629CCEACCE",
          "key": "root_idx_mapping",
          "value": {
            "@type": "String",
            "value": "15"
          }
        },
        {
          "@type": "AnnotationData",
          "@id": "9296E5F5FE",
          "key": "root_idx_mapping",
          "value": {
            "@type": "String",
            "value": "16"
          }
        },
        {
          "@type": "AnnotationData",
          "@id": "E919D914A9",
          "key": "root_idx_mapping",
          "value": {
            "@type": "String",
            "value": "17"
          }
        },
        {
          "@type": "AnnotationData",
          "@id": "C2D298AA4C",
          "key": "root_idx_mapping",
          "value": {
            "@type": "String",
            "value": "18"
          }
        },
        {
          "@type": "AnnotationData",
          "@id": "648530C63C",
          "key": "root_idx_mapping",
          "value": {
            "@type": "String",
            "value": "19"
          }
        },
        {
          "@type": "AnnotationData",
          "@id": "53D355C184",
          "key": "root_idx_mapping",
          "value": {
            "@type": "String",
            "value": "20"
          }
        },
        {
          "@type": "AnnotationData",
          "@id": "D86A03C611",
          "key": "root_idx_mapping",
          "value": {
            "@type": "String",
            "value": "21"
          }
        },
        {
          "@type": "AnnotationData",
          "@id": "041B3E3AF5",
          "key": "root_idx_mapping",
          "value": {
            "@type": "String",
            "value": "22"
          }
        },
        {
          "@type": "AnnotationData",
          "@id": "47EC2621A3",
          "key": "root_idx_mapping",
          "value": {
            "@type": "String",
            "value": "23"
          }
        },
        {
          "@type": "AnnotationData",
          "@id": "AFBBE9589E",
          "key": "root_idx_mapping",
          "value": {
            "@type": "String",
            "value": "24"
          }
        },
        {
          "@type": "AnnotationData",
          "@id": "833B280E2E",
          "key": "root_idx_mapping",
          "value": {
            "@type": "String",
            "value": "25"
          }
        },
        {
          "@type": "AnnotationData",
          "@id": "C0ABEEEEBB",
          "key": "root_idx_mapping",
          "value": {
            "@type": "String",
            "value": "26"
          }
        },
        {
          "@type": "AnnotationData",
          "@id": "73FE3436A4",
          "key": "root_idx_mapping",
          "value": {
            "@type": "String",
            "value": "27"
          }
        },
        {
          "@type": "AnnotationData",
          "@id": "3F4B590B3A",
          "key": "root_idx_mapping",
          "value": {
            "@type": "String",
            "value": "28"
          }
        },
        {
          "@type": "AnnotationData",
          "@id": "A1981871B8",
          "key": "root_idx_mapping",
          "value": {
            "@type": "String",
            "value": "29"
          }
        },
        {
          "@type": "AnnotationData",
          "@id": "036F12C22E",
          "key": "root_idx_mapping",
          "value": {
            "@type": "String",
            "value": "30"
          }
        },
        {
          "@type": "AnnotationData",
          "@id": "E54B4E21E9",
          "key": "root_idx_mapping",
          "value": {
            "@type": "String",
            "value": "31"
          }
        },
        {
          "@type": "AnnotationData",
          "@id": "704728FDA8",
          "key": "root_idx_mapping",
          "value": {
            "@type": "String",
            "value": "32"
          }
        },
        {
          "@type": "AnnotationData",
          "@id": "404503C72C",
          "key": "root_idx_mapping",
          "value": {
            "@type": "String",
            "value": "33"
          }
        },
        {
          "@type": "AnnotationData",
          "@id": "92F72D528E",
          "key": "root_idx_mapping",
          "value": {
            "@type": "String",
            "value": "34"
          }
        },
        {
          "@type": "AnnotationData",
          "@id": "7A83A288AD",
          "key": "root_idx_mapping",
          "value": {
            "@type": "String",
            "value": "35"
          }
        },
        {
          "@type": "AnnotationData",
          "@id": "5461654494",
          "key": "root_idx_mapping",
          "value": {
            "@type": "String",
            "value": "36"
          }
        },
        {
          "@type": "AnnotationData",
          "@id": "EFEDDDD5DC",
          "key": "root_idx_mapping",
          "value": {
            "@type": "String",
            "value": "37"
          }
        },
        {
          "@type": "AnnotationData",
          "@id": "048DEA4390",
          "key": "root_idx_mapping",
          "value": {
            "@type": "String",
            "value": "38"
          }
        },
        {
          "@type": "AnnotationData",
          "@id": "32A3E9EBE3",
          "key": "root_idx_mapping",
          "value": {
            "@type": "String",
            "value": "39"
          }
        },
        {
          "@type": "AnnotationData",
          "@id": "2959553269",
          "key": "root_idx_mapping",
          "value": {
            "@type": "String",
            "value": "40"
          }
        },
        {
          "@type": "AnnotationData",
          "@id": "444EC49049",
          "key": "root_idx_mapping",
          "value": {
            "@type": "String",
            "value": "41"
          }
        },
        {
          "@type": "AnnotationData",
          "@id": "10A3440E33",
          "key": "root_idx_mapping",
          "value": {
            "@type": "String",
            "value": "42"
          }
        },
        {
          "@type": "AnnotationData",
          "@id": "4085459F45",
          "key": "root_idx_mapping",
          "value": {
            "@type": "String",
            "value": "43"
          }
        },
        {
          "@type": "AnnotationData",
          "@id": "94242B347F",
          "key": "root_idx_mapping",
          "value": {
            "@type": "String",
            "value": "44"
          }
        },
        {
          "@type": "AnnotationData",
          "@id": "919049B0D4",
          "key": "root_idx_mapping",
          "value": {
            "@type": "String",
            "value": "45"
          }
        },
        {
          "@type": "AnnotationData",
          "@id": "A6F5366AE7",
          "key": "root_idx_mapping",
          "value": {
            "@type": "String",
            "value": "46"
          }
        },
        {
          "@type": "AnnotationData",
          "@id": "87ACA88F33",
          "key": "root_idx_mapping",
          "value": {
            "@type": "String",
            "value": "47"
          }
        },
        {
          "@type": "AnnotationData",
          "@id": "D884DC7934",
          "key": "root_idx_mapping",
          "value": {
            "@type": "String",
            "value": "48"
          }
        },
        {
          "@type": "AnnotationData",
          "@id": "1AC4CA1F2F",
          "key": "root_idx_mapping",
          "value": {
            "@type": "String",
            "value": "49"
          }
        },
        {
          "@type": "AnnotationData",
          "@id": "554581C7A7",
          "key": "root_idx_mapping",
          "value": {
            "@type": "String",
            "value": "50"
          }
        },
        {
          "@type": "AnnotationData",
          "@id": "B2B4BBEBC6",
          "key": "root_idx_mapping",
          "value": {
            "@type": "String",
            "value": "51"
          }
        },
        {
          "@type": "AnnotationData",
          "@id": "B4141C774D",
          "key": "root_idx_mapping",
          "value": {
            "@type": "String",
            "value": "52"
          }
        },
        {
          "@type": "AnnotationData",
          "@id": "979941BAB9",
          "key": "root_idx_mapping",
          "value": {
            "@type": "String",
            "value": "53"
          }
        },
        {
          "@type": "AnnotationData",
          "@id": "A8EEC46423",
          "key": "root_idx_mapping",
          "value": {
            "@type": "String",
            "value": "54"
          }
        },
        {
          "@type": "AnnotationData",
          "@id": "04FCCC3CC2",
          "key": "root_idx_mapping",
          "value": {
            "@type": "String",
            "value": "55"
          }
        },
        {
          "@type": "AnnotationData",
          "@id": "33CE367660",
          "key": "root_idx_mapping",
          "value": {
            "@type": "String",
            "value": "56"
          }
        },
        {
          "@type": "AnnotationData",
          "@id": "AA076AC66C",
          "key": "root_idx_mapping",
          "value": {
            "@type": "String",
            "value": "57"
          }
        },
        {
          "@type": "AnnotationData",
          "@id": "AFA4461E16",
          "key": "root_idx_mapping",
          "value": {
            "@type": "String",
            "value": "58"
          }
        },
        {
          "@type": "AnnotationData",
          "@id": "598A254E93",
          "key": "root_idx_mapping",
          "value": {
            "@type": "String",
            "value": "59"
          }
        },
        {
          "@type": "AnnotationData",
          "@id": "2DF884852C",
          "key": "root_idx_mapping",
          "value": {
            "@type": "String",
            "value": "60"
          }
        },
        {
          "@type": "AnnotationData",
          "@id": "62D42BE2B0",
          "key": "root_idx_mapping",
          "value": {
            "@type": "String",
            "value": "61"
          }
        },
        {
          "@type": "AnnotationData",
          "@id": "8A2727FB2A",
          "key": "root_idx_mapping",
          "value": {
            "@type": "String",
            "value": "62"
          }
        },
        {
          "@type": "AnnotationData",
          "@id": "66B83E8D93",
          "key": "root_idx_mapping",
          "value": {
            "@type": "String",
            "value": "63"
          }
        },
        {
          "@type": "AnnotationData",
          "@id": "EB6EEB645E",
          "key": "root_idx_mapping",
          "value": {
            "@type": "String",
            "value": "64"
          }
        },
        {
          "@type": "AnnotationData",
          "@id": "C71A7064E7",
          "key": "root_idx_mapping",
          "value": {
            "@type": "String",
            "value": "65"
          }
        },
        {
          "@type": "AnnotationData",
          "@id": "99441C7440",
          "key": "root_idx_mapping",
          "value": {
            "@type": "String",
            "value": "66"
          }
        },
        {
          "@type": "AnnotationData",
          "@id": "2224122289",
          "key": "root_idx_mapping",
          "value": {
            "@type": "String",
            "value": "67"
          }
        },
        {
          "@type": "AnnotationData",
          "@id": "56F9FF50EC",
          "key": "root_idx_mapping",
          "value": {
            "@type": "String",
            "value": "68"
          }
        },
        {
          "@type": "AnnotationData",
          "@id": "A9790A4C08",
          "key": "root_idx_mapping",
          "value": {
            "@type": "String",
            "value": "69"
          }
        },
        {
          "@type": "AnnotationData",
          "@id": "5DC29BC442",
          "key": "root_idx_mapping",
          "value": {
            "@type": "String",
            "value": "70"
          }
        },
        {
          "@type": "AnnotationData",
          "@id": "3664C82623",
          "key": "root_idx_mapping",
          "value": {
            "@type": "String",
            "value": "71"
          }
        },
        {
          "@type": "AnnotationData",
          "@id": "C33184A119",
          "key": "root_idx_mapping",
          "value": {
            "@type": "String",
            "value": "72"
          }
        },
        {
          "@type": "AnnotationData",
          "@id": "8CB89EF2FA",
          "key": "root_idx_mapping",
          "value": {
            "@type": "String",
            "value": "73"
          }
        },
        {
          "@type": "AnnotationData",
          "@id": "4BC90680EA",
          "key": "root_idx_mapping",
          "value": {
            "@type": "String",
            "value": "74"
          }
        }
      ]
    }
  ],
  "annotations": [
    {
      "@type": "Annotation",
      "@id": "116C3BFFCE",
      "target": {
        "@type": "TextSelector",
        "resource": "A5C8",
        "offset": {
          "@type": "Offset",
          "begin": {
            "@type": "BeginAlignedCursor",
            "value": 0
          },
          "end": {
            "@type": "BeginAlignedCursor",
            "value": 74
          }
        }
      },
      "data": [
        {
          "@type": "AnnotationData",
          "@id": "8088778E6B",
          "set": "segmentation_annotation"
        },
        {
          "@type": "AnnotationData",
          "@id": "18F9E1E9B5",
          "set": "segmentation_annotation"
        }
      ]
    },
    {
      "@type": "Annotation",
      "@id": "94451A9B12",
      "target": {
        "@type": "TextSelector",
        "resource": "A5C8",
        "offset": {
          "@type": "Offset",
          "begin": {
            "@type": "BeginAlignedCursor",
            "value": 75
          },
          "end": {
            "@type": "BeginAlignedCursor",
            "value": 75
          }
        }
      },
      "data": [
        {
          "@type": "AnnotationData",
          "@id": "5BC0C7B5C0",
          "set": "segmentation_annotation"
        },
        {
          "@type": "AnnotationData",
          "@id": "18F9E1E9B5",
          "set": "segmentation_annotation"
        }
      ]
    },
    {
      "@type": "Annotation",
      "@id": "6F96B48FA8",
      "target": {
        "@type": "TextSelector",
        "resource": "A5C8",
        "offset": {
          "@type": "Offset",
          "begin": {
            "@type": "BeginAlignedCursor",
            "value": 75
          },
          "end": {
            "@type": "BeginAlignedCursor",
            "value": 144
          }
        }
      },
      "data": [
        {
          "@type": "AnnotationData",
          "@id": "140D4C1000",
          "set": "segmentation_annotation"
        },
        {
          "@type": "AnnotationData",
          "@id": "18F9E1E9B5",
          "set": "segmentation_annotation"
        }
      ]
    },
    {
      "@type": "Annotation",
      "@id": "3F62525D69",
      "target": {
        "@type": "TextSelector",
        "resource": "A5C8",
        "offset": {
          "@type": "Offset",
          "begin": {
            "@type": "BeginAlignedCursor",
            "value": 144
          },
          "end": {
            "@type": "BeginAlignedCursor",
            "value": 144
          }
        }
      },
      "data": [
        {
          "@type": "AnnotationData",
          "@id": "C4262B822B",
          "set": "segmentation_annotation"
        },
        {
          "@type": "AnnotationData",
          "@id": "18F9E1E9B5",
          "set": "segmentation_annotation"
        }
      ]
    },
    {
      "@type": "Annotation",
      "@id": "D448884788",
      "target": {
        "@type": "TextSelector",
        "resource": "A5C8",
        "offset": {
          "@type": "Offset",
          "begin": {
            "@type": "BeginAlignedCursor",
            "value": 144
          },
          "end": {
            "@type": "BeginAlignedCursor",
            "value": 144
          }
        }
      },
      "data": [
        {
          "@type": "AnnotationData",
          "@id": "1911B59029",
          "set": "segmentation_annotation"
        },
        {
          "@type": "AnnotationData",
          "@id": "18F9E1E9B5",
          "set": "segmentation_annotation"
        }
      ]
    },
    {
      "@type": "Annotation",
      "@id": "CE015F2F54",
      "target": {
        "@type": "TextSelector",
        "resource": "A5C8",
        "offset": {
          "@type": "Offset",
          "begin": {
            "@type": "BeginAlignedCursor",
            "value": 145
          },
          "end": {
            "@type": "BeginAlignedCursor",
            "value": 2011
          }
        }
      },
      "data": [
        {
          "@type": "AnnotationData",
          "@id": "B2B3CFC0FD",
          "set": "segmentation_annotation"
        },
        {
          "@type": "AnnotationData",
          "@id": "18F9E1E9B5",
          "set": "segmentation_annotation"
        }
      ]
    },
    {
      "@type": "Annotation",
      "@id": "25D42442E4",
      "target": {
        "@type": "TextSelector",
        "resource": "A5C8",
        "offset": {
          "@type": "Offset",
          "begin": {
            "@type": "BeginAlignedCursor",
            "value": 2011
          },
          "end": {
            "@type": "BeginAlignedCursor",
            "value": 2011
          }
        }
      },
      "data": [
        {
          "@type": "AnnotationData",
          "@id": "6446ED3439",
          "set": "segmentation_annotation"
        },
        {
          "@type": "AnnotationData",
          "@id": "18F9E1E9B5",
          "set": "segmentation_annotation"
        }
      ]
    },
    {
      "@type": "Annotation",
      "@id": "F5C632FDF5",
      "target": {
        "@type": "TextSelector",
        "resource": "A5C8",
        "offset": {
          "@type": "Offset",
          "begin": {
            "@type": "BeginAlignedCursor",
            "value": 2011
          },
          "end": {
            "@type": "BeginAlignedCursor",
            "value": 2011
          }
        }
      },
      "data": [
        {
          "@type": "AnnotationData",
          "@id": "400EC70AFA",
          "set": "segmentation_annotation"
        },
        {
          "@type": "AnnotationData",
          "@id": "18F9E1E9B5",
          "set": "segmentation_annotation"
        }
      ]
    },
    {
      "@type": "Annotation",
      "@id": "EB7AB6AD95",
      "target": {
        "@type": "TextSelector",
        "resource": "A5C8",
        "offset": {
          "@type": "Offset",
          "begin": {
            "@type": "BeginAlignedCursor",
            "value": 2011
          },
          "end": {
            "@type": "BeginAlignedCursor",
            "value": 2011
          }
        }
      },
      "data": [
        {
          "@type": "AnnotationData",
          "@id": "DCD1D233DB",
          "set": "segmentation_annotation"
        },
        {
          "@type": "AnnotationData",
          "@id": "18F9E1E9B5",
          "set": "segmentation_annotation"
        }
      ]
    },
    {
      "@type": "Annotation",
      "@id": "E57D37D5BC",
      "target": {
        "@type": "TextSelector",
        "resource": "A5C8",
        "offset": {
          "@type": "Offset",
          "begin": {
            "@type": "BeginAlignedCursor",
            "value": 2011
          },
          "end": {
            "@type": "BeginAlignedCursor",
            "value": 2011
          }
        }
      },
      "data": [
        {
          "@type": "AnnotationData",
          "@id": "539CCFA805",
          "set": "segmentation_annotation"
        },
        {
          "@type": "AnnotationData",
          "@id": "18F9E1E9B5",
          "set": "segmentation_annotation"
        }
      ]
    },
    {
      "@type": "Annotation",
      "@id": "D3BB75E31A",
      "target": {
        "@type": "TextSelector",
        "resource": "A5C8",
        "offset": {
          "@type": "Offset",
          "begin": {
            "@type": "BeginAlignedCursor",
            "value": 2011
          },
          "end": {
            "@type": "BeginAlignedCursor",
            "value": 2011
          }
        }
      },
      "data": [
        {
          "@type": "AnnotationData",
          "@id": "6A144AAC82",
          "set": "segmentation_annotation"
        },
        {
          "@type": "AnnotationData",
          "@id": "18F9E1E9B5",
          "set": "segmentation_annotation"
        }
      ]
    },
    {
      "@type": "Annotation",
      "@id": "D5045BB565",
      "target": {
        "@type": "TextSelector",
        "resource": "A5C8",
        "offset": {
          "@type": "Offset",
          "begin": {
            "@type": "BeginAlignedCursor",
            "value": 2011
          },
          "end": {
            "@type": "BeginAlignedCursor",
            "value": 2011
          }
        }
      },
      "data": [
        {
          "@type": "AnnotationData",
          "@id": "2FC6F7F1C7",
          "set": "segmentation_annotation"
        },
        {
          "@type": "AnnotationData",
          "@id": "18F9E1E9B5",
          "set": "segmentation_annotation"
        }
      ]
    },
    {
      "@type": "Annotation",
      "@id": "DD31F3006F",
      "target": {
        "@type": "TextSelector",
        "resource": "A5C8",
        "offset": {
          "@type": "Offset",
          "begin": {
            "@type": "BeginAlignedCursor",
            "value": 2011
          },
          "end": {
            "@type": "BeginAlignedCursor",
            "value": 2011
          }
        }
      },
      "data": [
        {
          "@type": "AnnotationData",
          "@id": "5008708077",
          "set": "segmentation_annotation"
        },
        {
          "@type": "AnnotationData",
          "@id": "18F9E1E9B5",
          "set": "segmentation_annotation"
        }
      ]
    },
    {
      "@type": "Annotation",
      "@id": "B7CCB41F44",
      "target": {
        "@type": "TextSelector",
        "resource": "A5C8",
        "offset": {
          "@type": "Offset",
          "begin": {
            "@type": "BeginAlignedCursor",
            "value": 2011
          },
          "end": {
            "@type": "BeginAlignedCursor",
            "value": 2011
          }
        }
      },
      "data": [
        {
          "@type": "AnnotationData",
          "@id": "6064419E67",
          "set": "segmentation_annotation"
        },
        {
          "@type": "AnnotationData",
          "@id": "18F9E1E9B5",
          "set": "segmentation_annotation"
        }
      ]
    },
    {
      "@type": "Annotation",
      "@id": "9920888E4E",
      "target": {
        "@type": "TextSelector",
        "resource": "A5C8",
        "offset": {
          "@type": "Offset",
          "begin": {
            "@type": "BeginAlignedCursor",
            "value": 2012
          },
          "end": {
            "@type": "BeginAlignedCursor",
            "value": 2100
          }
        }
      },
      "data": [
        {
          "@type": "AnnotationData",
          "@id": "629CCEACCE",
          "set": "segmentation_annotation"
        },
        {
          "@type": "AnnotationData",
          "@id": "18F9E1E9B5",
          "set": "segmentation_annotation"
        }
      ]
    },
    {
      "@type": "Annotation",
      "@id": "03F15B558F",
      "target": {
        "@type": "TextSelector",
        "resource": "A5C8",
        "offset": {
          "@type": "Offset",
          "begin": {
            "@type": "BeginAlignedCursor",
            "value": 2101
          },
          "end": {
            "@type": "BeginAlignedCursor",
            "value": 2197
          }
        }
      },
      "data": [
        {
          "@type": "AnnotationData",
          "@id": "9296E5F5FE",
          "set": "segmentation_annotation"
        },
        {
          "@type": "AnnotationData",
          "@id": "18F9E1E9B5",
          "set": "segmentation_annotation"
        }
      ]
    },
    {
      "@type": "Annotation",
      "@id": "B44FA5B005",
      "target": {
        "@type": "TextSelector",
        "resource": "A5C8",
        "offset": {
          "@type": "Offset",
          "begin": {
            "@type": "BeginAlignedCursor",
            "value": 2198
          },
          "end": {
            "@type": "BeginAlignedCursor",
            "value": 2325
          }
        }
      },
      "data": [
        {
          "@type": "AnnotationData",
          "@id": "E919D914A9",
          "set": "segmentation_annotation"
        },
        {
          "@type": "AnnotationData",
          "@id": "18F9E1E9B5",
          "set": "segmentation_annotation"
        }
      ]
    },
    {
      "@type": "Annotation",
      "@id": "3BC6FD54C9",
      "target": {
        "@type": "TextSelector",
        "resource": "A5C8",
        "offset": {
          "@type": "Offset",
          "begin": {
            "@type": "BeginAlignedCursor",
            "value": 2325
          },
          "end": {
            "@type": "BeginAlignedCursor",
            "value": 2332
          }
        }
      },
      "data": [
        {
          "@type": "AnnotationData",
          "@id": "C2D298AA4C",
          "set": "segmentation_annotation"
        },
        {
          "@type": "AnnotationData",
          "@id": "18F9E1E9B5",
          "set": "segmentation_annotation"
        }
      ]
    },
    {
      "@type": "Annotation",
      "@id": "131835B883",
      "target": {
        "@type": "TextSelector",
        "resource": "A5C8",
        "offset": {
          "@type": "Offset",
          "begin": {
            "@type": "BeginAlignedCursor",
            "value": 2332
          },
          "end": {
            "@type": "BeginAlignedCursor",
            "value": 2545
          }
        }
      },
      "data": [
        {
          "@type": "AnnotationData",
          "@id": "648530C63C",
          "set": "segmentation_annotation"
        },
        {
          "@type": "AnnotationData",
          "@id": "18F9E1E9B5",
          "set": "segmentation_annotation"
        }
      ]
    },
    {
      "@type": "Annotation",
      "@id": "6870076BE9",
      "target": {
        "@type": "TextSelector",
        "resource": "A5C8",
        "offset": {
          "@type": "Offset",
          "begin": {
            "@type": "BeginAlignedCursor",
            "value": 2545
          },
          "end": {
            "@type": "BeginAlignedCursor",
            "value": 2545
          }
        }
      },
      "data": [
        {
          "@type": "AnnotationData",
          "@id": "53D355C184",
          "set": "segmentation_annotation"
        },
        {
          "@type": "AnnotationData",
          "@id": "18F9E1E9B5",
          "set": "segmentation_annotation"
        }
      ]
    },
    {
      "@type": "Annotation",
      "@id": "FF9A28AFBF",
      "target": {
        "@type": "TextSelector",
        "resource": "A5C8",
        "offset": {
          "@type": "Offset",
          "begin": {
            "@type": "BeginAlignedCursor",
            "value": 2545
          },
          "end": {
            "@type": "BeginAlignedCursor",
            "value": 2545
          }
        }
      },
      "data": [
        {
          "@type": "AnnotationData",
          "@id": "D86A03C611",
          "set": "segmentation_annotation"
        },
        {
          "@type": "AnnotationData",
          "@id": "18F9E1E9B5",
          "set": "segmentation_annotation"
        }
      ]
    },
    {
      "@type": "Annotation",
      "@id": "A7B964AA2A",
      "target": {
        "@type": "TextSelector",
        "resource": "A5C8",
        "offset": {
          "@type": "Offset",
          "begin": {
            "@type": "BeginAlignedCursor",
            "value": 2545
          },
          "end": {
            "@type": "BeginAlignedCursor",
            "value": 2545
          }
        }
      },
      "data": [
        {
          "@type": "AnnotationData",
          "@id": "041B3E3AF5",
          "set": "segmentation_annotation"
        },
        {
          "@type": "AnnotationData",
          "@id": "18F9E1E9B5",
          "set": "segmentation_annotation"
        }
      ]
    },
    {
      "@type": "Annotation",
      "@id": "8D024D1F17",
      "target": {
        "@type": "TextSelector",
        "resource": "A5C8",
        "offset": {
          "@type": "Offset",
          "begin": {
            "@type": "BeginAlignedCursor",
            "value": 2545
          },
          "end": {
            "@type": "BeginAlignedCursor",
            "value": 2545
          }
        }
      },
      "data": [
        {
          "@type": "AnnotationData",
          "@id": "47EC2621A3",
          "set": "segmentation_annotation"
        },
        {
          "@type": "AnnotationData",
          "@id": "18F9E1E9B5",
          "set": "segmentation_annotation"
        }
      ]
    },
    {
      "@type": "Annotation",
      "@id": "0E7CA7F5E5",
      "target": {
        "@type": "TextSelector",
        "resource": "A5C8",
        "offset": {
          "@type": "Offset",
          "begin": {
            "@type": "BeginAlignedCursor",
            "value": 2545
          },
          "end": {
            "@type": "BeginAlignedCursor",
            "value": 2545
          }
        }
      },
      "data": [
        {
          "@type": "AnnotationData",
          "@id": "AFBBE9589E",
          "set": "segmentation_annotation"
        },
        {
          "@type": "AnnotationData",
          "@id": "18F9E1E9B5",
          "set": "segmentation_annotation"
        }
      ]
    },
    {
      "@type": "Annotation",
      "@id": "9172891A10",
      "target": {
        "@type": "TextSelector",
        "resource": "A5C8",
        "offset": {
          "@type": "Offset",
          "begin": {
            "@type": "BeginAlignedCursor",
            "value": 2545
          },
          "end": {
            "@type": "BeginAlignedCursor",
            "value": 2545
          }
        }
      },
      "data": [
        {
          "@type": "AnnotationData",
          "@id": "833B280E2E",
          "set": "segmentation_annotation"
        },
        {
          "@type": "AnnotationData",
          "@id": "18F9E1E9B5",
          "set": "segmentation_annotation"
        }
      ]
    },
    {
      "@type": "Annotation",
      "@id": "448921D306",
      "target": {
        "@type": "TextSelector",
        "resource": "A5C8",
        "offset": {
          "@type": "Offset",
          "begin": {
            "@type": "BeginAlignedCursor",
            "value": 2545
          },
          "end": {
            "@type": "BeginAlignedCursor",
            "value": 2545
          }
        }
      },
      "data": [
        {
          "@type": "AnnotationData",
          "@id": "C0ABEEEEBB",
          "set": "segmentation_annotation"
        },
        {
          "@type": "AnnotationData",
          "@id": "18F9E1E9B5",
          "set": "segmentation_annotation"
        }
      ]
    },
    {
      "@type": "Annotation",
      "@id": "9050A1E900",
      "target": {
        "@type": "TextSelector",
        "resource": "A5C8",
        "offset": {
          "@type": "Offset",
          "begin": {
            "@type": "BeginAlignedCursor",
            "value": 2546
          },
          "end": {
            "@type": "BeginAlignedCursor",
            "value": 3313
          }
        }
      },
      "data": [
        {
          "@type": "AnnotationData",
          "@id": "73FE3436A4",
          "set": "segmentation_annotation"
        },
        {
          "@type": "AnnotationData",
          "@id": "18F9E1E9B5",
          "set": "segmentation_annotation"
        }
      ]
    },
    {
      "@type": "Annotation",
      "@id": "D35ED7E7E7",
      "target": {
        "@type": "TextSelector",
        "resource": "A5C8",
        "offset": {
          "@type": "Offset",
          "begin": {
            "@type": "BeginAlignedCursor",
            "value": 3314
          },
          "end": {
            "@type": "BeginAlignedCursor",
            "value": 4324
          }
        }
      },
      "data": [
        {
          "@type": "AnnotationData",
          "@id": "3F4B590B3A",
          "set": "segmentation_annotation"
        },
        {
          "@type": "AnnotationData",
          "@id": "18F9E1E9B5",
          "set": "segmentation_annotation"
        }
      ]
    },
    {
      "@type": "Annotation",
      "@id": "F072D3ED1E",
      "target": {
        "@type": "TextSelector",
        "resource": "A5C8",
        "offset": {
          "@type": "Offset",
          "begin": {
            "@type": "BeginAlignedCursor",
            "value": 4325
          },
          "end": {
            "@type": "BeginAlignedCursor",
            "value": 4998
          }
        }
      },
      "data": [
        {
          "@type": "AnnotationData",
          "@id": "A1981871B8",
          "set": "segmentation_annotation"
        },
        {
          "@type": "AnnotationData",
          "@id": "18F9E1E9B5",
          "set": "segmentation_annotation"
        }
      ]
    },
    {
      "@type": "Annotation",
      "@id": "D9C9C2488E",
      "target": {
        "@type": "TextSelector",
        "resource": "A5C8",
        "offset": {
          "@type": "Offset",
          "begin": {
            "@type": "BeginAlignedCursor",
            "value": 4998
          },
          "end": {
            "@type": "BeginAlignedCursor",
            "value": 4998
          }
        }
      },
      "data": [
        {
          "@type": "AnnotationData",
          "@id": "036F12C22E",
          "set": "segmentation_annotation"
        },
        {
          "@type": "AnnotationData",
          "@id": "18F9E1E9B5",
          "set": "segmentation_annotation"
        }
      ]
    },
    {
      "@type": "Annotation",
      "@id": "9F5E38338B",
      "target": {
        "@type": "TextSelector",
        "resource": "A5C8",
        "offset": {
          "@type": "Offset",
          "begin": {
            "@type": "BeginAlignedCursor",
            "value": 4999
          },
          "end": {
            "@type": "BeginAlignedCursor",
            "value": 7340
          }
        }
      },
      "data": [
        {
          "@type": "AnnotationData",
          "@id": "E54B4E21E9",
          "set": "segmentation_annotation"
        },
        {
          "@type": "AnnotationData",
          "@id": "18F9E1E9B5",
          "set": "segmentation_annotation"
        }
      ]
    },
    {
      "@type": "Annotation",
      "@id": "06ED4807AC",
      "target": {
        "@type": "TextSelector",
        "resource": "A5C8",
        "offset": {
          "@type": "Offset",
          "begin": {
            "@type": "BeginAlignedCursor",
            "value": 7340
          },
          "end": {
            "@type": "BeginAlignedCursor",
            "value": 7340
          }
        }
      },
      "data": [
        {
          "@type": "AnnotationData",
          "@id": "704728FDA8",
          "set": "segmentation_annotation"
        },
        {
          "@type": "AnnotationData",
          "@id": "18F9E1E9B5",
          "set": "segmentation_annotation"
        }
      ]
    },
    {
      "@type": "Annotation",
      "@id": "D02E91ECCC",
      "target": {
        "@type": "TextSelector",
        "resource": "A5C8",
        "offset": {
          "@type": "Offset",
          "begin": {
            "@type": "BeginAlignedCursor",
            "value": 7341
          },
          "end": {
            "@type": "BeginAlignedCursor",
            "value": 8140
          }
        }
      },
      "data": [
        {
          "@type": "AnnotationData",
          "@id": "404503C72C",
          "set": "segmentation_annotation"
        },
        {
          "@type": "AnnotationData",
          "@id": "18F9E1E9B5",
          "set": "segmentation_annotation"
        }
      ]
    },
    {
      "@type": "Annotation",
      "@id": "43AC61EFE8",
      "target": {
        "@type": "TextSelector",
        "resource": "A5C8",
        "offset": {
          "@type": "Offset",
          "begin": {
            "@type": "BeginAlignedCursor",
            "value": 8141
          },
          "end": {
            "@type": "BeginAlignedCursor",
            "value": 9531
          }
        }
      },
      "data": [
        {
          "@type": "AnnotationData",
          "@id": "92F72D528E",
          "set": "segmentation_annotation"
        },
        {
          "@type": "AnnotationData",
          "@id": "18F9E1E9B5",
          "set": "segmentation_annotation"
        }
      ]
    },
    {
      "@type": "Annotation",
      "@id": "E222E69200",
      "target": {
        "@type": "TextSelector",
        "resource": "A5C8",
        "offset": {
          "@type": "Offset",
          "begin": {
            "@type": "BeginAlignedCursor",
            "value": 9532
          },
          "end": {
            "@type": "BeginAlignedCursor",
            "value": 12092
          }
        }
      },
      "data": [
        {
          "@type": "AnnotationData",
          "@id": "7A83A288AD",
          "set": "segmentation_annotation"
        },
        {
          "@type": "AnnotationData",
          "@id": "18F9E1E9B5",
          "set": "segmentation_annotation"
        }
      ]
    },
    {
      "@type": "Annotation",
      "@id": "AC5E8EEEC2",
      "target": {
        "@type": "TextSelector",
        "resource": "A5C8",
        "offset": {
          "@type": "Offset",
          "begin": {
            "@type": "BeginAlignedCursor",
            "value": 12093
          },
          "end": {
            "@type": "BeginAlignedCursor",
            "value": 12460
          }
        }
      },
      "data": [
        {
          "@type": "AnnotationData",
          "@id": "5461654494",
          "set": "segmentation_annotation"
        },
        {
          "@type": "AnnotationData",
          "@id": "18F9E1E9B5",
          "set": "segmentation_annotation"
        }
      ]
    },
    {
      "@type": "Annotation",
      "@id": "FB83A9AA9C",
      "target": {
        "@type": "TextSelector",
        "resource": "A5C8",
        "offset": {
          "@type": "Offset",
          "begin": {
            "@type": "BeginAlignedCursor",
            "value": 12461
          },
          "end": {
            "@type": "BeginAlignedCursor",
            "value": 13026
          }
        }
      },
      "data": [
        {
          "@type": "AnnotationData",
          "@id": "EFEDDDD5DC",
          "set": "segmentation_annotation"
        },
        {
          "@type": "AnnotationData",
          "@id": "18F9E1E9B5",
          "set": "segmentation_annotation"
        }
      ]
    },
    {
      "@type": "Annotation",
      "@id": "44FBA663FB",
      "target": {
        "@type": "TextSelector",
        "resource": "A5C8",
        "offset": {
          "@type": "Offset",
          "begin": {
            "@type": "BeginAlignedCursor",
            "value": 13027
          },
          "end": {
            "@type": "BeginAlignedCursor",
            "value": 13440
          }
        }
      },
      "data": [
        {
          "@type": "AnnotationData",
          "@id": "048DEA4390",
          "set": "segmentation_annotation"
        },
        {
          "@type": "AnnotationData",
          "@id": "18F9E1E9B5",
          "set": "segmentation_annotation"
        }
      ]
    },
    {
      "@type": "Annotation",
      "@id": "097D3953BF",
      "target": {
        "@type": "TextSelector",
        "resource": "A5C8",
        "offset": {
          "@type": "Offset",
          "begin": {
            "@type": "BeginAlignedCursor",
            "value": 13441
          },
          "end": {
            "@type": "BeginAlignedCursor",
            "value": 15784
          }
        }
      },
      "data": [
        {
          "@type": "AnnotationData",
          "@id": "32A3E9EBE3",
          "set": "segmentation_annotation"
        },
        {
          "@type": "AnnotationData",
          "@id": "18F9E1E9B5",
          "set": "segmentation_annotation"
        }
      ]
    },
    {
      "@type": "Annotation",
      "@id": "06DE880741",
      "target": {
        "@type": "TextSelector",
        "resource": "A5C8",
        "offset": {
          "@type": "Offset",
          "begin": {
            "@type": "BeginAlignedCursor",
            "value": 15785
          },
          "end": {
            "@type": "BeginAlignedCursor",
            "value": 16286
          }
        }
      },
      "data": [
        {
          "@type": "AnnotationData",
          "@id": "2959553269",
          "set": "segmentation_annotation"
        },
        {
          "@type": "AnnotationData",
          "@id": "18F9E1E9B5",
          "set": "segmentation_annotation"
        }
      ]
    },
    {
      "@type": "Annotation",
      "@id": "3EB3E39B3C",
      "target": {
        "@type": "TextSelector",
        "resource": "A5C8",
        "offset": {
          "@type": "Offset",
          "begin": {
            "@type": "BeginAlignedCursor",
            "value": 16287
          },
          "end": {
            "@type": "BeginAlignedCursor",
            "value": 16733
          }
        }
      },
      "data": [
        {
          "@type": "AnnotationData",
          "@id": "444EC49049",
          "set": "segmentation_annotation"
        },
        {
          "@type": "AnnotationData",
          "@id": "18F9E1E9B5",
          "set": "segmentation_annotation"
        }
      ]
    },
    {
      "@type": "Annotation",
      "@id": "125D9BB0B7",
      "target": {
        "@type": "TextSelector",
        "resource": "A5C8",
        "offset": {
          "@type": "Offset",
          "begin": {
            "@type": "BeginAlignedCursor",
            "value": 16734
          },
          "end": {
            "@type": "BeginAlignedCursor",
            "value": 18639
          }
        }
      },
      "data": [
        {
          "@type": "AnnotationData",
          "@id": "10A3440E33",
          "set": "segmentation_annotation"
        },
        {
          "@type": "AnnotationData",
          "@id": "18F9E1E9B5",
          "set": "segmentation_annotation"
        }
      ]
    },
    {
      "@type": "Annotation",
      "@id": "8DEA6BA827",
      "target": {
        "@type": "TextSelector",
        "resource": "A5C8",
        "offset": {
          "@type": "Offset",
          "begin": {
            "@type": "BeginAlignedCursor",
            "value": 18640
          },
          "end": {
            "@type": "BeginAlignedCursor",
            "value": 21494
          }
        }
      },
      "data": [
        {
          "@type": "AnnotationData",
          "@id": "4085459F45",
          "set": "segmentation_annotation"
        },
        {
          "@type": "AnnotationData",
          "@id": "18F9E1E9B5",
          "set": "segmentation_annotation"
        }
      ]
    },
    {
      "@type": "Annotation",
      "@id": "B74FF44BAF",
      "target": {
        "@type": "TextSelector",
        "resource": "A5C8",
        "offset": {
          "@type": "Offset",
          "begin": {
            "@type": "BeginAlignedCursor",
            "value": 21495
          },
          "end": {
            "@type": "BeginAlignedCursor",
            "value": 24941
          }
        }
      },
      "data": [
        {
          "@type": "AnnotationData",
          "@id": "94242B347F",
          "set": "segmentation_annotation"
        },
        {
          "@type": "AnnotationData",
          "@id": "18F9E1E9B5",
          "set": "segmentation_annotation"
        }
      ]
    },
    {
      "@type": "Annotation",
      "@id": "6A088628AA",
      "target": {
        "@type": "TextSelector",
        "resource": "A5C8",
        "offset": {
          "@type": "Offset",
          "begin": {
            "@type": "BeginAlignedCursor",
            "value": 24942
          },
          "end": {
            "@type": "BeginAlignedCursor",
            "value": 25773
          }
        }
      },
      "data": [
        {
          "@type": "AnnotationData",
          "@id": "919049B0D4",
          "set": "segmentation_annotation"
        },
        {
          "@type": "AnnotationData",
          "@id": "18F9E1E9B5",
          "set": "segmentation_annotation"
        }
      ]
    },
    {
      "@type": "Annotation",
      "@id": "F70071DA70",
      "target": {
        "@type": "TextSelector",
        "resource": "A5C8",
        "offset": {
          "@type": "Offset",
          "begin": {
            "@type": "BeginAlignedCursor",
            "value": 25774
          },
          "end": {
            "@type": "BeginAlignedCursor",
            "value": 27887
          }
        }
      },
      "data": [
        {
          "@type": "AnnotationData",
          "@id": "A6F5366AE7",
          "set": "segmentation_annotation"
        },
        {
          "@type": "AnnotationData",
          "@id": "18F9E1E9B5",
          "set": "segmentation_annotation"
        }
      ]
    },
    {
      "@type": "Annotation",
      "@id": "260915ADB7",
      "target": {
        "@type": "TextSelector",
        "resource": "A5C8",
        "offset": {
          "@type": "Offset",
          "begin": {
            "@type": "BeginAlignedCursor",
            "value": 27888
          },
          "end": {
            "@type": "BeginAlignedCursor",
            "value": 28647
          }
        }
      },
      "data": [
        {
          "@type": "AnnotationData",
          "@id": "87ACA88F33",
          "set": "segmentation_annotation"
        },
        {
          "@type": "AnnotationData",
          "@id": "18F9E1E9B5",
          "set": "segmentation_annotation"
        }
      ]
    },
    {
      "@type": "Annotation",
      "@id": "D90C311103",
      "target": {
        "@type": "TextSelector",
        "resource": "A5C8",
        "offset": {
          "@type": "Offset",
          "begin": {
            "@type": "BeginAlignedCursor",
            "value": 28647
          },
          "end": {
            "@type": "BeginAlignedCursor",
            "value": 28647
          }
        }
      },
      "data": [
        {
          "@type": "AnnotationData",
          "@id": "D884DC7934",
          "set": "segmentation_annotation"
        },
        {
          "@type": "AnnotationData",
          "@id": "18F9E1E9B5",
          "set": "segmentation_annotation"
        }
      ]
    },
    {
      "@type": "Annotation",
      "@id": "8B0885716E",
      "target": {
        "@type": "TextSelector",
        "resource": "A5C8",
        "offset": {
          "@type": "Offset",
          "begin": {
            "@type": "BeginAlignedCursor",
            "value": 28647
          },
          "end": {
            "@type": "BeginAlignedCursor",
            "value": 28647
          }
        }
      },
      "data": [
        {
          "@type": "AnnotationData",
          "@id": "1AC4CA1F2F",
          "set": "segmentation_annotation"
        },
        {
          "@type": "AnnotationData",
          "@id": "18F9E1E9B5",
          "set": "segmentation_annotation"
        }
      ]
    },
    {
      "@type": "Annotation",
      "@id": "230B3FFFE2",
      "target": {
        "@type": "TextSelector",
        "resource": "A5C8",
        "offset": {
          "@type": "Offset",
          "begin": {
            "@type": "BeginAlignedCursor",
            "value": 28647
          },
          "end": {
            "@type": "BeginAlignedCursor",
            "value": 28647
          }
        }
      },
      "data": [
        {
          "@type": "AnnotationData",
          "@id": "554581C7A7",
          "set": "segmentation_annotation"
        },
        {
          "@type": "AnnotationData",
          "@id": "18F9E1E9B5",
          "set": "segmentation_annotation"
        }
      ]
    },
    {
      "@type": "Annotation",
      "@id": "81541943BB",
      "target": {
        "@type": "TextSelector",
        "resource": "A5C8",
        "offset": {
          "@type": "Offset",
          "begin": {
            "@type": "BeginAlignedCursor",
            "value": 28647
          },
          "end": {
            "@type": "BeginAlignedCursor",
            "value": 28647
          }
        }
      },
      "data": [
        {
          "@type": "AnnotationData",
          "@id": "B2B4BBEBC6",
          "set": "segmentation_annotation"
        },
        {
          "@type": "AnnotationData",
          "@id": "18F9E1E9B5",
          "set": "segmentation_annotation"
        }
      ]
    },
    {
      "@type": "Annotation",
      "@id": "F3B895393E",
      "target": {
        "@type": "TextSelector",
        "resource": "A5C8",
        "offset": {
          "@type": "Offset",
          "begin": {
            "@type": "BeginAlignedCursor",
            "value": 28647
          },
          "end": {
            "@type": "BeginAlignedCursor",
            "value": 28647
          }
        }
      },
      "data": [
        {
          "@type": "AnnotationData",
          "@id": "B4141C774D",
          "set": "segmentation_annotation"
        },
        {
          "@type": "AnnotationData",
          "@id": "18F9E1E9B5",
          "set": "segmentation_annotation"
        }
      ]
    },
    {
      "@type": "Annotation",
      "@id": "4B5858348D",
      "target": {
        "@type": "TextSelector",
        "resource": "A5C8",
        "offset": {
          "@type": "Offset",
          "begin": {
            "@type": "BeginAlignedCursor",
            "value": 28647
          },
          "end": {
            "@type": "BeginAlignedCursor",
            "value": 28647
          }
        }
      },
      "data": [
        {
          "@type": "AnnotationData",
          "@id": "979941BAB9",
          "set": "segmentation_annotation"
        },
        {
          "@type": "AnnotationData",
          "@id": "18F9E1E9B5",
          "set": "segmentation_annotation"
        }
      ]
    },
    {
      "@type": "Annotation",
      "@id": "AACA838C2B",
      "target": {
        "@type": "TextSelector",
        "resource": "A5C8",
        "offset": {
          "@type": "Offset",
          "begin": {
            "@type": "BeginAlignedCursor",
            "value": 28648
          },
          "end": {
            "@type": "BeginAlignedCursor",
            "value": 29156
          }
        }
      },
      "data": [
        {
          "@type": "AnnotationData",
          "@id": "A8EEC46423",
          "set": "segmentation_annotation"
        },
        {
          "@type": "AnnotationData",
          "@id": "18F9E1E9B5",
          "set": "segmentation_annotation"
        }
      ]
    },
    {
      "@type": "Annotation",
      "@id": "70B9C1B75B",
      "target": {
        "@type": "TextSelector",
        "resource": "A5C8",
        "offset": {
          "@type": "Offset",
          "begin": {
            "@type": "BeginAlignedCursor",
            "value": 29157
          },
          "end": {
            "@type": "BeginAlignedCursor",
            "value": 30105
          }
        }
      },
      "data": [
        {
          "@type": "AnnotationData",
          "@id": "04FCCC3CC2",
          "set": "segmentation_annotation"
        },
        {
          "@type": "AnnotationData",
          "@id": "18F9E1E9B5",
          "set": "segmentation_annotation"
        }
      ]
    },
    {
      "@type": "Annotation",
      "@id": "4A154F89FC",
      "target": {
        "@type": "TextSelector",
        "resource": "A5C8",
        "offset": {
          "@type": "Offset",
          "begin": {
            "@type": "BeginAlignedCursor",
            "value": 30106
          },
          "end": {
            "@type": "BeginAlignedCursor",
            "value": 30868
          }
        }
      },
      "data": [
        {
          "@type": "AnnotationData",
          "@id": "33CE367660",
          "set": "segmentation_annotation"
        },
        {
          "@type": "AnnotationData",
          "@id": "18F9E1E9B5",
          "set": "segmentation_annotation"
        }
      ]
    },
    {
      "@type": "Annotation",
      "@id": "DE8BF9DC49",
      "target": {
        "@type": "TextSelector",
        "resource": "A5C8",
        "offset": {
          "@type": "Offset",
          "begin": {
            "@type": "BeginAlignedCursor",
            "value": 30869
          },
          "end": {
            "@type": "BeginAlignedCursor",
            "value": 31453
          }
        }
      },
      "data": [
        {
          "@type": "AnnotationData",
          "@id": "AA076AC66C",
          "set": "segmentation_annotation"
        },
        {
          "@type": "AnnotationData",
          "@id": "18F9E1E9B5",
          "set": "segmentation_annotation"
        }
      ]
    },
    {
      "@type": "Annotation",
      "@id": "FFB89BFFB8",
      "target": {
        "@type": "TextSelector",
        "resource": "A5C8",
        "offset": {
          "@type": "Offset",
          "begin": {
            "@type": "BeginAlignedCursor",
            "value": 31454
          },
          "end": {
            "@type": "BeginAlignedCursor",
            "value": 31869
          }
        }
      },
      "data": [
        {
          "@type": "AnnotationData",
          "@id": "AFA4461E16",
          "set": "segmentation_annotation"
        },
        {
          "@type": "AnnotationData",
          "@id": "18F9E1E9B5",
          "set": "segmentation_annotation"
        }
      ]
    },
    {
      "@type": "Annotation",
      "@id": "A8FB4E8E1A",
      "target": {
        "@type": "TextSelector",
        "resource": "A5C8",
        "offset": {
          "@type": "Offset",
          "begin": {
            "@type": "BeginAlignedCursor",
            "value": 31870
          },
          "end": {
            "@type": "BeginAlignedCursor",
            "value": 32278
          }
        }
      },
      "data": [
        {
          "@type": "AnnotationData",
          "@id": "598A254E93",
          "set": "segmentation_annotation"
        },
        {
          "@type": "AnnotationData",
          "@id": "18F9E1E9B5",
          "set": "segmentation_annotation"
        }
      ]
    },
    {
      "@type": "Annotation",
      "@id": "9433558270",
      "target": {
        "@type": "TextSelector",
        "resource": "A5C8",
        "offset": {
          "@type": "Offset",
          "begin": {
            "@type": "BeginAlignedCursor",
            "value": 32279
          },
          "end": {
            "@type": "BeginAlignedCursor",
            "value": 32959
          }
        }
      },
      "data": [
        {
          "@type": "AnnotationData",
          "@id": "2DF884852C",
          "set": "segmentation_annotation"
        },
        {
          "@type": "AnnotationData",
          "@id": "18F9E1E9B5",
          "set": "segmentation_annotation"
        }
      ]
    },
    {
      "@type": "Annotation",
      "@id": "E825ED959D",
      "target": {
        "@type": "TextSelector",
        "resource": "A5C8",
        "offset": {
          "@type": "Offset",
          "begin": {
            "@type": "BeginAlignedCursor",
            "value": 32960
          },
          "end": {
            "@type": "BeginAlignedCursor",
            "value": 33198
          }
        }
      },
      "data": [
        {
          "@type": "AnnotationData",
          "@id": "62D42BE2B0",
          "set": "segmentation_annotation"
        },
        {
          "@type": "AnnotationData",
          "@id": "18F9E1E9B5",
          "set": "segmentation_annotation"
        }
      ]
    },
    {
      "@type": "Annotation",
      "@id": "490B4D3D0B",
      "target": {
        "@type": "TextSelector",
        "resource": "A5C8",
        "offset": {
          "@type": "Offset",
          "begin": {
            "@type": "BeginAlignedCursor",
            "value": 33199
          },
          "end": {
            "@type": "BeginAlignedCursor",
            "value": 34107
          }
        }
      },
      "data": [
        {
          "@type": "AnnotationData",
          "@id": "8A2727FB2A",
          "set": "segmentation_annotation"
        },
        {
          "@type": "AnnotationData",
          "@id": "18F9E1E9B5",
          "set": "segmentation_annotation"
        }
      ]
    },
    {
      "@type": "Annotation",
      "@id": "6ED1655CC8",
      "target": {
        "@type": "TextSelector",
        "resource": "A5C8",
        "offset": {
          "@type": "Offset",
          "begin": {
            "@type": "BeginAlignedCursor",
            "value": 34108
          },
          "end": {
            "@type": "BeginAlignedCursor",
            "value": 34529
          }
        }
      },
      "data": [
        {
          "@type": "AnnotationData",
          "@id": "66B83E8D93",
          "set": "segmentation_annotation"
        },
        {
          "@type": "AnnotationData",
          "@id": "18F9E1E9B5",
          "set": "segmentation_annotation"
        }
      ]
    },
    {
      "@type": "Annotation",
      "@id": "58DB8287BD",
      "target": {
        "@type": "TextSelector",
        "resource": "A5C8",
        "offset": {
          "@type": "Offset",
          "begin": {
            "@type": "BeginAlignedCursor",
            "value": 34530
          },
          "end": {
            "@type": "BeginAlignedCursor",
            "value": 35218
          }
        }
      },
      "data": [
        {
          "@type": "AnnotationData",
          "@id": "EB6EEB645E",
          "set": "segmentation_annotation"
        },
        {
          "@type": "AnnotationData",
          "@id": "18F9E1E9B5",
          "set": "segmentation_annotation"
        }
      ]
    },
    {
      "@type": "Annotation",
      "@id": "8F3FE7F7E3",
      "target": {
        "@type": "TextSelector",
        "resource": "A5C8",
        "offset": {
          "@type": "Offset",
          "begin": {
            "@type": "BeginAlignedCursor",
            "value": 35219
          },
          "end": {
            "@type": "BeginAlignedCursor",
            "value": 36547
          }
        }
      },
      "data": [
        {
          "@type": "AnnotationData",
          "@id": "C71A7064E7",
          "set": "segmentation_annotation"
        },
        {
          "@type": "AnnotationData",
          "@id": "18F9E1E9B5",
          "set": "segmentation_annotation"
        }
      ]
    },
    {
      "@type": "Annotation",
      "@id": "AF73FF75F7",
      "target": {
        "@type": "TextSelector",
        "resource": "A5C8",
        "offset": {
          "@type": "Offset",
          "begin": {
            "@type": "BeginAlignedCursor",
            "value": 36547
          },
          "end": {
            "@type": "BeginAlignedCursor",
            "value": 36547
          }
        }
      },
      "data": [
        {
          "@type": "AnnotationData",
          "@id": "99441C7440",
          "set": "segmentation_annotation"
        },
        {
          "@type": "AnnotationData",
          "@id": "18F9E1E9B5",
          "set": "segmentation_annotation"
        }
      ]
    },
    {
      "@type": "Annotation",
      "@id": "E4EA550B74",
      "target": {
        "@type": "TextSelector",
        "resource": "A5C8",
        "offset": {
          "@type": "Offset",
          "begin": {
            "@type": "BeginAlignedCursor",
            "value": 36548
          },
          "end": {
            "@type": "BeginAlignedCursor",
            "value": 37151
          }
        }
      },
      "data": [
        {
          "@type": "AnnotationData",
          "@id": "2224122289",
          "set": "segmentation_annotation"
        },
        {
          "@type": "AnnotationData",
          "@id": "18F9E1E9B5",
          "set": "segmentation_annotation"
        }
      ]
    },
    {
      "@type": "Annotation",
      "@id": "8879899265",
      "target": {
        "@type": "TextSelector",
        "resource": "A5C8",
        "offset": {
          "@type": "Offset",
          "begin": {
            "@type": "BeginAlignedCursor",
            "value": 37152
          },
          "end": {
            "@type": "BeginAlignedCursor",
            "value": 37458
          }
        }
      },
      "data": [
        {
          "@type": "AnnotationData",
          "@id": "56F9FF50EC",
          "set": "segmentation_annotation"
        },
        {
          "@type": "AnnotationData",
          "@id": "18F9E1E9B5",
          "set": "segmentation_annotation"
        }
      ]
    },
    {
      "@type": "Annotation",
      "@id": "A76F7F0202",
      "target": {
        "@type": "TextSelector",
        "resource": "A5C8",
        "offset": {
          "@type": "Offset",
          "begin": {
            "@type": "BeginAlignedCursor",
            "value": 37458
          },
          "end": {
            "@type": "BeginAlignedCursor",
            "value": 37458
          }
        }
      },
      "data": [
        {
          "@type": "AnnotationData",
          "@id": "A9790A4C08",
          "set": "segmentation_annotation"
        },
        {
          "@type": "AnnotationData",
          "@id": "18F9E1E9B5",
          "set": "segmentation_annotation"
        }
      ]
    },
    {
      "@type": "Annotation",
      "@id": "D957DE8D94",
      "target": {
        "@type": "TextSelector",
        "resource": "A5C8",
        "offset": {
          "@type": "Offset",
          "begin": {
            "@type": "BeginAlignedCursor",
            "value": 37459
          },
          "end": {
            "@type": "BeginAlignedCursor",
            "value": 37778
          }
        }
      },
      "data": [
        {
          "@type": "AnnotationData",
          "@id": "5DC29BC442",
          "set": "segmentation_annotation"
        },
        {
          "@type": "AnnotationData",
          "@id": "18F9E1E9B5",
          "set": "segmentation_annotation"
        }
      ]
    },
    {
      "@type": "Annotation",
      "@id": "54F35FB16F",
      "target": {
        "@type": "TextSelector",
        "resource": "A5C8",
        "offset": {
          "@type": "Offset",
          "begin": {
            "@type": "BeginAlignedCursor",
            "value": 37779
          },
          "end": {
            "@type": "BeginAlignedCursor",
            "value": 39877
          }
        }
      },
      "data": [
        {
          "@type": "AnnotationData",
          "@id": "3664C82623",
          "set": "segmentation_annotation"
        },
        {
          "@type": "AnnotationData",
          "@id": "18F9E1E9B5",
          "set": "segmentation_annotation"
        }
      ]
    },
    {
      "@type": "Annotation",
      "@id": "AE0033453D",
      "target": {
        "@type": "TextSelector",
        "resource": "A5C8",
        "offset": {
          "@type": "Offset",
          "begin": {
            "@type": "BeginAlignedCursor",
            "value": 39878
          },
          "end": {
            "@type": "BeginAlignedCursor",
            "value": 40448
          }
        }
      },
      "data": [
        {
          "@type": "AnnotationData",
          "@id": "C33184A119",
          "set": "segmentation_annotation"
        },
        {
          "@type": "AnnotationData",
          "@id": "18F9E1E9B5",
          "set": "segmentation_annotation"
        }
      ]
    },
    {
      "@type": "Annotation",
      "@id": "CC366A47B5",
      "target": {
        "@type": "TextSelector",
        "resource": "A5C8",
        "offset": {
          "@type": "Offset",
          "begin": {
            "@type": "BeginAlignedCursor",
            "value": 40449
          },
          "end": {
            "@type": "BeginAlignedCursor",
            "value": 40859
          }
        }
      },
      "data": [
        {
          "@type": "AnnotationData",
          "@id": "8CB89EF2FA",
          "set": "segmentation_annotation"
        },
        {
          "@type": "AnnotationData",
          "@id": "18F9E1E9B5",
          "set": "segmentation_annotation"
        }
      ]
    },
    {
      "@type": "Annotation",
      "@id": "E9FFDBE5E3",
      "target": {
        "@type": "TextSelector",
        "resource": "A5C8",
        "offset": {
          "@type": "Offset",
          "begin": {
            "@type": "BeginAlignedCursor",
            "value": 40860
          },
          "end": {
            "@type": "BeginAlignedCursor",
            "value": 41411
          }
        }
      },
      "data": [
        {
          "@type": "AnnotationData",
          "@id": "4BC90680EA",
          "set": "segmentation_annotation"
        },
        {
          "@type": "AnnotationData",
          "@id": "18F9E1E9B5",
          "set": "segmentation_annotation"
        }
      ]
    }
  ]
}