{
  "id": "IFD8648D1",
  "title": {
    "bo": "ཤེས་རབ་ཀྱི་ཕ་རོལ་ཏུ་ཕྱིན་པའི་སྙིང་པོ།",
    "en": "The Heart of the Perfection of Wisdom",
    "lzh": "般若波罗蜜多心经",
    "zh": "般若波羅密多心經"
  },
  "author": {
    "zh": "佛世尊"
  },
  "imported": "2025-05-23T05:45:37.296074",
  "source": "CBETA",
  "toolkit_version": "2.1.12",
  "parser": "DocxRootParser",
  "initial_creation_type": "google_docx",
  "language": "zh",
  "source_metadata": {
    "date": null,
    "source_url": null,
    "source_type": "docx",
    "document_id": "1-XhmxJLi_eeMjulFyaP1zOMPHCyYfgs530sWZOlEE7s",
    "presentation": null,
    "usage_title": null,
    "long_title": {
      "zh": "薄伽梵母般若波羅蜜多心經"
    },
    "alt_titles": null,
    "commentary_of": null,
    "version_of": null,
    "translation_of": "I999EDD0C",
    "category": null,
    "bdrc": null
  },
  "bases": {},
  "copyright": {
    "status": "Unknown",
    "notice": "",
    "info_url": null
  },
  "licence": "Unknown",
  "legacy_id": null,
  "source_file": null,
  "ocr_import_info": null,
  "statistics": null,
  "quality": null,
  "last_modified": "2025-05-23T05:45:37.296068"
}