{
  "@type": "AnnotationStore",
  "@id": "IFD8648D1",
  "resources": [
    {
      "@type": "TextResource",
      "@id": "0840",
      "@include": "../../base/0840.txt"
    }
  ],
  "annotationsets": [
    {
      "@type": "AnnotationDataSet",
      "@id": "segmentation_annotation",
      "keys": [
        {
          "@type": "DataKey",
          "@id": "root_idx_mapping"
        },
        {
          "@type": "DataKey",
          "@id": "segmentation_type"
        }
      ],
      "data": [
        {
          "@type": "AnnotationData",
          "@id": "9619B98844",
          "key": "root_idx_mapping",
          "value": {
            "@type": "String",
            "value": "1"
          }
        },
        {
          "@type": "AnnotationData",
          "@id": "DC5DBBDF3B",
          "key": "segmentation_type",
          "value": {
            "@type": "String",
            "value": "alignment"
          }
        },
        {
          "@type": "AnnotationData",
          "@id": "4FF6346406",
          "key": "root_idx_mapping",
          "value": {
            "@type": "String",
            "value": "2"
          }
        },
        {
          "@type": "AnnotationData",
          "@id": "8F668FF75E",
          "key": "root_idx_mapping",
          "value": {
            "@type": "String",
            "value": "3"
          }
        },
        {
          "@type": "AnnotationData",
          "@id": "EDA1397A7D",
          "key": "root_idx_mapping",
          "value": {
            "@type": "String",
            "value": "4"
          }
        },
        {
          "@type": "AnnotationData",
          "@id": "C85C675C53",
          "key": "root_idx_mapping",
          "value": {
            "@type": "String",
            "value": "5"
          }
        },
        {
          "@type": "AnnotationData",
          "@id": "735623203B",
          "key": "root_idx_mapping",
          "value": {
            "@type": "String",
            "value": "6"
          }
        },
        {
          "@type": "AnnotationData",
          "@id": "018BB034C4",
          "key": "root_idx_mapping",
          "value": {
            "@type": "String",
            "value": "7"
          }
        },
        {
          "@type": "AnnotationData",
          "@id": "FA5635AF80",
          "key": "root_idx_mapping",
          "value": {
            "@type": "String",
            "value": "8"
          }
        },
        {
          "@type": "AnnotationData",
          "@id": "D412316CFA",
          "key": "root_idx_mapping",
          "value": {
            "@type": "String",
            "value": "9"
          }
        },
        {
          "@type": "AnnotationData",
          "@id": "212AE10E1C",
          "key": "root_idx_mapping",
          "value": {
            "@type": "String",
            "value": "10"
          }
        },
        {
          "@type": "AnnotationData",
          "@id": "3F3C6C7379",
          "key": "root_idx_mapping",
          "value": {
            "@type": "String",
            "value": "11"
          }
        },
        {
          "@type": "AnnotationData",
          "@id": "242F8FF522",
          "key": "root_idx_mapping",
          "value": {
            "@type": "String",
            "value": "12"
          }
        },
        {
          "@type": "AnnotationData",
          "@id": "20630F334A",
          "key": "root_idx_mapping",
          "value": {
            "@type": "String",
            "value": "13"
          }
        },
        {
          "@type": "AnnotationData",
          "@id": "900703CE3B",
          "key": "root_idx_mapping",
          "value": {
            "@type": "String",
            "value": "14"
          }
        },
        {
          "@type": "AnnotationData",
          "@id": "9554FD4556",
          "key": "root_idx_mapping",
          "value": {
            "@type": "String",
            "value": "15"
          }
        },
        {
          "@type": "AnnotationData",
          "@id": "94F9A4C6EC",
          "key": "root_idx_mapping",
          "value": {
            "@type": "String",
            "value": "16"
          }
        },
        {
          "@type": "AnnotationData",
          "@id": "88B13049AE",
          "key": "root_idx_mapping",
          "value": {
            "@type": "String",
            "value": "17"
          }
        },
        {
          "@type": "AnnotationData",
          "@id": "BC98034CE8",
          "key": "root_idx_mapping",
          "value": {
            "@type": "String",
            "value": "18"
          }
        },
        {
          "@type": "AnnotationData",
          "@id": "5DF68A6A27",
          "key": "root_idx_mapping",
          "value": {
            "@type": "String",
            "value": "19"
          }
        },
        {
          "@type": "AnnotationData",
          "@id": "9B095D4AB3",
          "key": "root_idx_mapping",
          "value": {
            "@type": "String",
            "value": "20"
          }
        },
        {
          "@type": "AnnotationData",
          "@id": "69FF478769",
          "key": "root_idx_mapping",
          "value": {
            "@type": "String",
            "value": "21"
          }
        },
        {
          "@type": "AnnotationData",
          "@id": "94DF8494A7",
          "key": "root_idx_mapping",
          "value": {
            "@type": "String",
            "value": "22"
          }
        },
        {
          "@type": "AnnotationData",
          "@id": "FC784CA1F4",
          "key": "root_idx_mapping",
          "value": {
            "@type": "String",
            "value": "23"
          }
        },
        {
          "@type": "AnnotationData",
          "@id": "0260282BA0",
          "key": "root_idx_mapping",
          "value": {
            "@type": "String",
            "value": "24"
          }
        },
        {
          "@type": "AnnotationData",
          "@id": "071302CBF7",
          "key": "root_idx_mapping",
          "value": {
            "@type": "String",
            "value": "25"
          }
        },
        {
          "@type": "AnnotationData",
          "@id": "74F8CC42BF",
          "key": "root_idx_mapping",
          "value": {
            "@type": "String",
            "value": "26"
          }
        },
        {
          "@type": "AnnotationData",
          "@id": "C0EE2741C7",
          "key": "root_idx_mapping",
          "value": {
            "@type": "String",
            "value": "27"
          }
        },
        {
          "@type": "AnnotationData",
          "@id": "FB50CFB7F8",
          "key": "root_idx_mapping",
          "value": {
            "@type": "String",
            "value": "28"
          }
        },
        {
          "@type": "AnnotationData",
          "@id": "15198F9F15",
          "key": "root_idx_mapping",
          "value": {
            "@type": "String",
            "value": "29"
          }
        },
        {
          "@type": "AnnotationData",
          "@id": "4EF7CB06C6",
          "key": "root_idx_mapping",
          "value": {
            "@type": "String",
            "value": "30"
          }
        },
        {
          "@type": "AnnotationData",
          "@id": "EDBC591795",
          "key": "root_idx_mapping",
          "value": {
            "@type": "String",
            "value": "31"
          }
        },
        {
          "@type": "AnnotationData",
          "@id": "6FC96FB9EA",
          "key": "root_idx_mapping",
          "value": {
            "@type": "String",
            "value": "32"
          }
        },
        {
          "@type": "AnnotationData",
          "@id": "1A80B0D8B8",
          "key": "root_idx_mapping",
          "value": {
            "@type": "String",
            "value": "33"
          }
        },
        {
          "@type": "AnnotationData",
          "@id": "C627B81ABA",
          "key": "root_idx_mapping",
          "value": {
            "@type": "String",
            "value": "34"
          }
        },
        {
          "@type": "AnnotationData",
          "@id": "DC5C9D6395",
          "key": "root_idx_mapping",
          "value": {
            "@type": "String",
            "value": "35"
          }
        }
      ]
    }
  ],
  "annotations": [
    {
      "@type": "Annotation",
      "@id": "5672254B6C",
      "target": {
        "@type": "TextSelector",
        "resource": "0840",
        "offset": {
          "@type": "Offset",
          "begin": {
            "@type": "BeginAlignedCursor",
            "value": 0
          },
          "end": {
            "@type": "BeginAlignedCursor",
            "value": 138
          }
        }
      },
      "data": [
        {
          "@type": "AnnotationData",
          "@id": "9619B98844",
          "set": "segmentation_annotation"
        },
        {
          "@type": "AnnotationData",
          "@id": "DC5DBBDF3B",
          "set": "segmentation_annotation"
        }
      ]
    },
    {
      "@type": "Annotation",
      "@id": "E8204EFAFE",
      "target": {
        "@type": "TextSelector",
        "resource": "0840",
        "offset": {
          "@type": "Offset",
          "begin": {
            "@type": "BeginAlignedCursor",
            "value": 139
          },
          "end": {
            "@type": "BeginAlignedCursor",
            "value": 139
          }
        }
      },
      "data": [
        {
          "@type": "AnnotationData",
          "@id": "4FF6346406",
          "set": "segmentation_annotation"
        },
        {
          "@type": "AnnotationData",
          "@id": "DC5DBBDF3B",
          "set": "segmentation_annotation"
        }
      ]
    },
    {
      "@type": "Annotation",
      "@id": "9B4954018B",
      "target": {
        "@type": "TextSelector",
        "resource": "0840",
        "offset": {
          "@type": "Offset",
          "begin": {
            "@type": "BeginAlignedCursor",
            "value": 140
          },
          "end": {
            "@type": "BeginAlignedCursor",
            "value": 140
          }
        }
      },
      "data": [
        {
          "@type": "AnnotationData",
          "@id": "8F668FF75E",
          "set": "segmentation_annotation"
        },
        {
          "@type": "AnnotationData",
          "@id": "DC5DBBDF3B",
          "set": "segmentation_annotation"
        }
      ]
    },
    {
      "@type": "Annotation",
      "@id": "CC38434B08",
      "target": {
        "@type": "TextSelector",
        "resource": "0840",
        "offset": {
          "@type": "Offset",
          "begin": {
            "@type": "BeginAlignedCursor",
            "value": 141
          },
          "end": {
            "@type": "BeginAlignedCursor",
            "value": 141
          }
        }
      },
      "data": [
        {
          "@type": "AnnotationData",
          "@id": "EDA1397A7D",
          "set": "segmentation_annotation"
        },
        {
          "@type": "AnnotationData",
          "@id": "DC5DBBDF3B",
          "set": "segmentation_annotation"
        }
      ]
    },
    {
      "@type": "Annotation",
      "@id": "C2F9271E25",
      "target": {
        "@type": "TextSelector",
        "resource": "0840",
        "offset": {
          "@type": "Offset",
          "begin": {
            "@type": "BeginAlignedCursor",
            "value": 142
          },
          "end": {
            "@type": "BeginAlignedCursor",
            "value": 142
          }
        }
      },
      "data": [
        {
          "@type": "AnnotationData",
          "@id": "C85C675C53",
          "set": "segmentation_annotation"
        },
        {
          "@type": "AnnotationData",
          "@id": "DC5DBBDF3B",
          "set": "segmentation_annotation"
        }
      ]
    },
    {
      "@type": "Annotation",
      "@id": "C2041C343C",
      "target": {
        "@type": "TextSelector",
        "resource": "0840",
        "offset": {
          "@type": "Offset",
          "begin": {
            "@type": "BeginAlignedCursor",
            "value": 143
          },
          "end": {
            "@type": "BeginAlignedCursor",
            "value": 165
          }
        }
      },
      "data": [
        {
          "@type": "AnnotationData",
          "@id": "735623203B",
          "set": "segmentation_annotation"
        },
        {
          "@type": "AnnotationData",
          "@id": "DC5DBBDF3B",
          "set": "segmentation_annotation"
        }
      ]
    },
    {
      "@type": "Annotation",
      "@id": "76CDD3ABDD",
      "target": {
        "@type": "TextSelector",
        "resource": "0840",
        "offset": {
          "@type": "Offset",
          "begin": {
            "@type": "BeginAlignedCursor",
            "value": 166
          },
          "end": {
            "@type": "BeginAlignedCursor",
            "value": 186
          }
        }
      },
      "data": [
        {
          "@type": "AnnotationData",
          "@id": "018BB034C4",
          "set": "segmentation_annotation"
        },
        {
          "@type": "AnnotationData",
          "@id": "DC5DBBDF3B",
          "set": "segmentation_annotation"
        }
      ]
    },
    {
      "@type": "Annotation",
      "@id": "A2A429C861",
      "target": {
        "@type": "TextSelector",
        "resource": "0840",
        "offset": {
          "@type": "Offset",
          "begin": {
            "@type": "BeginAlignedCursor",
            "value": 187
          },
          "end": {
            "@type": "BeginAlignedCursor",
            "value": 201
          }
        }
      },
      "data": [
        {
          "@type": "AnnotationData",
          "@id": "FA5635AF80",
          "set": "segmentation_annotation"
        },
        {
          "@type": "AnnotationData",
          "@id": "DC5DBBDF3B",
          "set": "segmentation_annotation"
        }
      ]
    },
    {
      "@type": "Annotation",
      "@id": "1FE57495CB",
      "target": {
        "@type": "TextSelector",
        "resource": "0840",
        "offset": {
          "@type": "Offset",
          "begin": {
            "@type": "BeginAlignedCursor",
            "value": 202
          },
          "end": {
            "@type": "BeginAlignedCursor",
            "value": 202
          }
        }
      },
      "data": [
        {
          "@type": "AnnotationData",
          "@id": "D412316CFA",
          "set": "segmentation_annotation"
        },
        {
          "@type": "AnnotationData",
          "@id": "DC5DBBDF3B",
          "set": "segmentation_annotation"
        }
      ]
    },
    {
      "@type": "Annotation",
      "@id": "AE4773C78A",
      "target": {
        "@type": "TextSelector",
        "resource": "0840",
        "offset": {
          "@type": "Offset",
          "begin": {
            "@type": "BeginAlignedCursor",
            "value": 203
          },
          "end": {
            "@type": "BeginAlignedCursor",
            "value": 203
          }
        }
      },
      "data": [
        {
          "@type": "AnnotationData",
          "@id": "212AE10E1C",
          "set": "segmentation_annotation"
        },
        {
          "@type": "AnnotationData",
          "@id": "DC5DBBDF3B",
          "set": "segmentation_annotation"
        }
      ]
    },
    {
      "@type": "Annotation",
      "@id": "25DFFF6A08",
      "target": {
        "@type": "TextSelector",
        "resource": "0840",
        "offset": {
          "@type": "Offset",
          "begin": {
            "@type": "BeginAlignedCursor",
            "value": 204
          },
          "end": {
            "@type": "BeginAlignedCursor",
            "value": 204
          }
        }
      },
      "data": [
        {
          "@type": "AnnotationData",
          "@id": "3F3C6C7379",
          "set": "segmentation_annotation"
        },
        {
          "@type": "AnnotationData",
          "@id": "DC5DBBDF3B",
          "set": "segmentation_annotation"
        }
      ]
    },
    {
      "@type": "Annotation",
      "@id": "8D8644847C",
      "target": {
        "@type": "TextSelector",
        "resource": "0840",
        "offset": {
          "@type": "Offset",
          "begin": {
            "@type": "BeginAlignedCursor",
            "value": 205
          },
          "end": {
            "@type": "BeginAlignedCursor",
            "value": 205
          }
        }
      },
      "data": [
        {
          "@type": "AnnotationData",
          "@id": "242F8FF522",
          "set": "segmentation_annotation"
        },
        {
          "@type": "AnnotationData",
          "@id": "DC5DBBDF3B",
          "set": "segmentation_annotation"
        }
      ]
    },
    {
      "@type": "Annotation",
      "@id": "183B4ADB49",
      "target": {
        "@type": "TextSelector",
        "resource": "0840",
        "offset": {
          "@type": "Offset",
          "begin": {
            "@type": "BeginAlignedCursor",
            "value": 206
          },
          "end": {
            "@type": "BeginAlignedCursor",
            "value": 210
          }
        }
      },
      "data": [
        {
          "@type": "AnnotationData",
          "@id": "20630F334A",
          "set": "segmentation_annotation"
        },
        {
          "@type": "AnnotationData",
          "@id": "DC5DBBDF3B",
          "set": "segmentation_annotation"
        }
      ]
    },
    {
      "@type": "Annotation",
      "@id": "4DFEECBF5E",
      "target": {
        "@type": "TextSelector",
        "resource": "0840",
        "offset": {
          "@type": "Offset",
          "begin": {
            "@type": "BeginAlignedCursor",
            "value": 211
          },
          "end": {
            "@type": "BeginAlignedCursor",
            "value": 211
          }
        }
      },
      "data": [
        {
          "@type": "AnnotationData",
          "@id": "900703CE3B",
          "set": "segmentation_annotation"
        },
        {
          "@type": "AnnotationData",
          "@id": "DC5DBBDF3B",
          "set": "segmentation_annotation"
        }
      ]
    },
    {
      "@type": "Annotation",
      "@id": "FEECBF4D8E",
      "target": {
        "@type": "TextSelector",
        "resource": "0840",
        "offset": {
          "@type": "Offset",
          "begin": {
            "@type": "BeginAlignedCursor",
            "value": 212
          },
          "end": {
            "@type": "BeginAlignedCursor",
            "value": 236
          }
        }
      },
      "data": [
        {
          "@type": "AnnotationData",
          "@id": "9554FD4556",
          "set": "segmentation_annotation"
        },
        {
          "@type": "AnnotationData",
          "@id": "DC5DBBDF3B",
          "set": "segmentation_annotation"
        }
      ]
    },
    {
      "@type": "Annotation",
      "@id": "687C807D43",
      "target": {
        "@type": "TextSelector",
        "resource": "0840",
        "offset": {
          "@type": "Offset",
          "begin": {
            "@type": "BeginAlignedCursor",
            "value": 237
          },
          "end": {
            "@type": "BeginAlignedCursor",
            "value": 250
          }
        }
      },
      "data": [
        {
          "@type": "AnnotationData",
          "@id": "94F9A4C6EC",
          "set": "segmentation_annotation"
        },
        {
          "@type": "AnnotationData",
          "@id": "DC5DBBDF3B",
          "set": "segmentation_annotation"
        }
      ]
    },
    {
      "@type": "Annotation",
      "@id": "C1ACC109A0",
      "target": {
        "@type": "TextSelector",
        "resource": "0840",
        "offset": {
          "@type": "Offset",
          "begin": {
            "@type": "BeginAlignedCursor",
            "value": 251
          },
          "end": {
            "@type": "BeginAlignedCursor",
            "value": 301
          }
        }
      },
      "data": [
        {
          "@type": "AnnotationData",
          "@id": "88B13049AE",
          "set": "segmentation_annotation"
        },
        {
          "@type": "AnnotationData",
          "@id": "DC5DBBDF3B",
          "set": "segmentation_annotation"
        }
      ]
    },
    {
      "@type": "Annotation",
      "@id": "A13163A2CF",
      "target": {
        "@type": "TextSelector",
        "resource": "0840",
        "offset": {
          "@type": "Offset",
          "begin": {
            "@type": "BeginAlignedCursor",
            "value": 302
          },
          "end": {
            "@type": "BeginAlignedCursor",
            "value": 328
          }
        }
      },
      "data": [
        {
          "@type": "AnnotationData",
          "@id": "BC98034CE8",
          "set": "segmentation_annotation"
        },
        {
          "@type": "AnnotationData",
          "@id": "DC5DBBDF3B",
          "set": "segmentation_annotation"
        }
      ]
    },
    {
      "@type": "Annotation",
      "@id": "377343B137",
      "target": {
        "@type": "TextSelector",
        "resource": "0840",
        "offset": {
          "@type": "Offset",
          "begin": {
            "@type": "BeginAlignedCursor",
            "value": 329
          },
          "end": {
            "@type": "BeginAlignedCursor",
            "value": 348
          }
        }
      },
      "data": [
        {
          "@type": "AnnotationData",
          "@id": "5DF68A6A27",
          "set": "segmentation_annotation"
        },
        {
          "@type": "AnnotationData",
          "@id": "DC5DBBDF3B",
          "set": "segmentation_annotation"
        }
      ]
    },
    {
      "@type": "Annotation",
      "@id": "5D0DAFD355",
      "target": {
        "@type": "TextSelector",
        "resource": "0840",
        "offset": {
          "@type": "Offset",
          "begin": {
            "@type": "BeginAlignedCursor",
            "value": 349
          },
          "end": {
            "@type": "BeginAlignedCursor",
            "value": 368
          }
        }
      },
      "data": [
        {
          "@type": "AnnotationData",
          "@id": "9B095D4AB3",
          "set": "segmentation_annotation"
        },
        {
          "@type": "AnnotationData",
          "@id": "DC5DBBDF3B",
          "set": "segmentation_annotation"
        }
      ]
    },
    {
      "@type": "Annotation",
      "@id": "B072FC3443",
      "target": {
        "@type": "TextSelector",
        "resource": "0840",
        "offset": {
          "@type": "Offset",
          "begin": {
            "@type": "BeginAlignedCursor",
            "value": 369
          },
          "end": {
            "@type": "BeginAlignedCursor",
            "value": 388
          }
        }
      },
      "data": [
        {
          "@type": "AnnotationData",
          "@id": "69FF478769",
          "set": "segmentation_annotation"
        },
        {
          "@type": "AnnotationData",
          "@id": "DC5DBBDF3B",
          "set": "segmentation_annotation"
        }
      ]
    },
    {
      "@type": "Annotation",
      "@id": "2C5A8D4927",
      "target": {
        "@type": "TextSelector",
        "resource": "0840",
        "offset": {
          "@type": "Offset",
          "begin": {
            "@type": "BeginAlignedCursor",
            "value": 389
          },
          "end": {
            "@type": "BeginAlignedCursor",
            "value": 446
          }
        }
      },
      "data": [
        {
          "@type": "AnnotationData",
          "@id": "94DF8494A7",
          "set": "segmentation_annotation"
        },
        {
          "@type": "AnnotationData",
          "@id": "DC5DBBDF3B",
          "set": "segmentation_annotation"
        }
      ]
    },
    {
      "@type": "Annotation",
      "@id": "2E2C29A242",
      "target": {
        "@type": "TextSelector",
        "resource": "0840",
        "offset": {
          "@type": "Offset",
          "begin": {
            "@type": "BeginAlignedCursor",
            "value": 447
          },
          "end": {
            "@type": "BeginAlignedCursor",
            "value": 488
          }
        }
      },
      "data": [
        {
          "@type": "AnnotationData",
          "@id": "FC784CA1F4",
          "set": "segmentation_annotation"
        },
        {
          "@type": "AnnotationData",
          "@id": "DC5DBBDF3B",
          "set": "segmentation_annotation"
        }
      ]
    },
    {
      "@type": "Annotation",
      "@id": "DE8EC8212C",
      "target": {
        "@type": "TextSelector",
        "resource": "0840",
        "offset": {
          "@type": "Offset",
          "begin": {
            "@type": "BeginAlignedCursor",
            "value": 489
          },
          "end": {
            "@type": "BeginAlignedCursor",
            "value": 566
          }
        }
      },
      "data": [
        {
          "@type": "AnnotationData",
          "@id": "0260282BA0",
          "set": "segmentation_annotation"
        },
        {
          "@type": "AnnotationData",
          "@id": "DC5DBBDF3B",
          "set": "segmentation_annotation"
        }
      ]
    },
    {
      "@type": "Annotation",
      "@id": "9397099AAD",
      "target": {
        "@type": "TextSelector",
        "resource": "0840",
        "offset": {
          "@type": "Offset",
          "begin": {
            "@type": "BeginAlignedCursor",
            "value": 567
          },
          "end": {
            "@type": "BeginAlignedCursor",
            "value": 617
          }
        }
      },
      "data": [
        {
          "@type": "AnnotationData",
          "@id": "071302CBF7",
          "set": "segmentation_annotation"
        },
        {
          "@type": "AnnotationData",
          "@id": "DC5DBBDF3B",
          "set": "segmentation_annotation"
        }
      ]
    },
    {
      "@type": "Annotation",
      "@id": "4AA8148A57",
      "target": {
        "@type": "TextSelector",
        "resource": "0840",
        "offset": {
          "@type": "Offset",
          "begin": {
            "@type": "BeginAlignedCursor",
            "value": 618
          },
          "end": {
            "@type": "BeginAlignedCursor",
            "value": 666
          }
        }
      },
      "data": [
        {
          "@type": "AnnotationData",
          "@id": "74F8CC42BF",
          "set": "segmentation_annotation"
        },
        {
          "@type": "AnnotationData",
          "@id": "DC5DBBDF3B",
          "set": "segmentation_annotation"
        }
      ]
    },
    {
      "@type": "Annotation",
      "@id": "3E447487BF",
      "target": {
        "@type": "TextSelector",
        "resource": "0840",
        "offset": {
          "@type": "Offset",
          "begin": {
            "@type": "BeginAlignedCursor",
            "value": 667
          },
          "end": {
            "@type": "BeginAlignedCursor",
            "value": 719
          }
        }
      },
      "data": [
        {
          "@type": "AnnotationData",
          "@id": "C0EE2741C7",
          "set": "segmentation_annotation"
        },
        {
          "@type": "AnnotationData",
          "@id": "DC5DBBDF3B",
          "set": "segmentation_annotation"
        }
      ]
    },
    {
      "@type": "Annotation",
      "@id": "CF99444C65",
      "target": {
        "@type": "TextSelector",
        "resource": "0840",
        "offset": {
          "@type": "Offset",
          "begin": {
            "@type": "BeginAlignedCursor",
            "value": 720
          },
          "end": {
            "@type": "BeginAlignedCursor",
            "value": 744
          }
        }
      },
      "data": [
        {
          "@type": "AnnotationData",
          "@id": "FB50CFB7F8",
          "set": "segmentation_annotation"
        },
        {
          "@type": "AnnotationData",
          "@id": "DC5DBBDF3B",
          "set": "segmentation_annotation"
        }
      ]
    },
    {
      "@type": "Annotation",
      "@id": "954C096951",
      "target": {
        "@type": "TextSelector",
        "resource": "0840",
        "offset": {
          "@type": "Offset",
          "begin": {
            "@type": "BeginAlignedCursor",
            "value": 745
          },
          "end": {
            "@type": "BeginAlignedCursor",
            "value": 745
          }
        }
      },
      "data": [
        {
          "@type": "AnnotationData",
          "@id": "15198F9F15",
          "set": "segmentation_annotation"
        },
        {
          "@type": "AnnotationData",
          "@id": "DC5DBBDF3B",
          "set": "segmentation_annotation"
        }
      ]
    },
    {
      "@type": "Annotation",
      "@id": "8BA363806B",
      "target": {
        "@type": "TextSelector",
        "resource": "0840",
        "offset": {
          "@type": "Offset",
          "begin": {
            "@type": "BeginAlignedCursor",
            "value": 746
          },
          "end": {
            "@type": "BeginAlignedCursor",
            "value": 746
          }
        }
      },
      "data": [
        {
          "@type": "AnnotationData",
          "@id": "4EF7CB06C6",
          "set": "segmentation_annotation"
        },
        {
          "@type": "AnnotationData",
          "@id": "DC5DBBDF3B",
          "set": "segmentation_annotation"
        }
      ]
    },
    {
      "@type": "Annotation",
      "@id": "66FCD9EC12",
      "target": {
        "@type": "TextSelector",
        "resource": "0840",
        "offset": {
          "@type": "Offset",
          "begin": {
            "@type": "BeginAlignedCursor",
            "value": 747
          },
          "end": {
            "@type": "BeginAlignedCursor",
            "value": 747
          }
        }
      },
      "data": [
        {
          "@type": "AnnotationData",
          "@id": "EDBC591795",
          "set": "segmentation_annotation"
        },
        {
          "@type": "AnnotationData",
          "@id": "DC5DBBDF3B",
          "set": "segmentation_annotation"
        }
      ]
    },
    {
      "@type": "Annotation",
      "@id": "A9FA18C7AB",
      "target": {
        "@type": "TextSelector",
        "resource": "0840",
        "offset": {
          "@type": "Offset",
          "begin": {
            "@type": "BeginAlignedCursor",
            "value": 748
          },
          "end": {
            "@type": "BeginAlignedCursor",
            "value": 748
          }
        }
      },
      "data": [
        {
          "@type": "AnnotationData",
          "@id": "6FC96FB9EA",
          "set": "segmentation_annotation"
        },
        {
          "@type": "AnnotationData",
          "@id": "DC5DBBDF3B",
          "set": "segmentation_annotation"
        }
      ]
    },
    {
      "@type": "Annotation",
      "@id": "F2837B332A",
      "target": {
        "@type": "TextSelector",
        "resource": "0840",
        "offset": {
          "@type": "Offset",
          "begin": {
            "@type": "BeginAlignedCursor",
            "value": 749
          },
          "end": {
            "@type": "BeginAlignedCursor",
            "value": 749
          }
        }
      },
      "data": [
        {
          "@type": "AnnotationData",
          "@id": "1A80B0D8B8",
          "set": "segmentation_annotation"
        },
        {
          "@type": "AnnotationData",
          "@id": "DC5DBBDF3B",
          "set": "segmentation_annotation"
        }
      ]
    },
    {
      "@type": "Annotation",
      "@id": "FEA8E7722E",
      "target": {
        "@type": "TextSelector",
        "resource": "0840",
        "offset": {
          "@type": "Offset",
          "begin": {
            "@type": "BeginAlignedCursor",
            "value": 750
          },
          "end": {
            "@type": "BeginAlignedCursor",
            "value": 750
          }
        }
      },
      "data": [
        {
          "@type": "AnnotationData",
          "@id": "C627B81ABA",
          "set": "segmentation_annotation"
        },
        {
          "@type": "AnnotationData",
          "@id": "DC5DBBDF3B",
          "set": "segmentation_annotation"
        }
      ]
    },
    {
      "@type": "Annotation",
      "@id": "FDC828B128",
      "target": {
        "@type": "TextSelector",
        "resource": "0840",
        "offset": {
          "@type": "Offset",
          "begin": {
            "@type": "BeginAlignedCursor",
            "value": 751
          },
          "end": {
            "@type": "BeginAlignedCursor",
            "value": 751
          }
        }
      },
      "data": [
        {
          "@type": "AnnotationData",
          "@id": "DC5C9D6395",
          "set": "segmentation_annotation"
        },
        {
          "@type": "AnnotationData",
          "@id": "DC5DBBDF3B",
          "set": "segmentation_annotation"
        }
      ]
    }
  ]
}