{
  "@type": "AnnotationStore",
  "@id": "I182E4445",
  "resources": [
    {
      "@type": "TextResource",
      "@id": "AC82",
      "@include": "../../base/AC82.txt"
    }
  ],
  "annotationsets": [
    {
      "@type": "AnnotationDataSet",
      "@id": "segmentation_annotation",
      "keys": [
        {
          "@type": "DataKey",
          "@id": "root_idx_mapping"
        },
        {
          "@type": "DataKey",
          "@id": "segmentation_type"
        }
      ],
      "data": [
        {
          "@type": "AnnotationData",
          "@id": "4CC4A44FC5",
          "key": "root_idx_mapping",
          "value": {
            "@type": "String",
            "value": "1"
          }
        },
        {
          "@type": "AnnotationData",
          "@id": "C1A5F55A4E",
          "key": "segmentation_type",
          "value": {
            "@type": "String",
            "value": "alignment"
          }
        },
        {
          "@type": "AnnotationData",
          "@id": "2D22111D2B",
          "key": "root_idx_mapping",
          "value": {
            "@type": "String",
            "value": "2"
          }
        },
        {
          "@type": "AnnotationData",
          "@id": "FFBB4B1B31",
          "key": "root_idx_mapping",
          "value": {
            "@type": "String",
            "value": "3"
          }
        },
        {
          "@type": "AnnotationData",
          "@id": "8C6B638FF7",
          "key": "root_idx_mapping",
          "value": {
            "@type": "String",
            "value": "4"
          }
        },
        {
          "@type": "AnnotationData",
          "@id": "34FCE37E52",
          "key": "root_idx_mapping",
          "value": {
            "@type": "String",
            "value": "5"
          }
        },
        {
          "@type": "AnnotationData",
          "@id": "A7D98D2A2B",
          "key": "root_idx_mapping",
          "value": {
            "@type": "String",
            "value": "6"
          }
        },
        {
          "@type": "AnnotationData",
          "@id": "3BB15B4DBB",
          "key": "root_idx_mapping",
          "value": {
            "@type": "String",
            "value": "7"
          }
        },
        {
          "@type": "AnnotationData",
          "@id": "9E8BCE2FAF",
          "key": "root_idx_mapping",
          "value": {
            "@type": "String",
            "value": "8"
          }
        },
        {
          "@type": "AnnotationData",
          "@id": "E904305A41",
          "key": "root_idx_mapping",
          "value": {
            "@type": "String",
            "value": "9"
          }
        },
        {
          "@type": "AnnotationData",
          "@id": "7C726A3DA1",
          "key": "root_idx_mapping",
          "value": {
            "@type": "String",
            "value": "10"
          }
        },
        {
          "@type": "AnnotationData",
          "@id": "E1D43E1B07",
          "key": "root_idx_mapping",
          "value": {
            "@type": "String",
            "value": "11"
          }
        },
        {
          "@type": "AnnotationData",
          "@id": "BFB0D6BBFF",
          "key": "root_idx_mapping",
          "value": {
            "@type": "String",
            "value": "12"
          }
        },
        {
          "@type": "AnnotationData",
          "@id": "07E7A928A6",
          "key": "root_idx_mapping",
          "value": {
            "@type": "String",
            "value": "13"
          }
        },
        {
          "@type": "AnnotationData",
          "@id": "F70BC73B6B",
          "key": "root_idx_mapping",
          "value": {
            "@type": "String",
            "value": "14"
          }
        },
        {
          "@type": "AnnotationData",
          "@id": "63A34364E7",
          "key": "root_idx_mapping",
          "value": {
            "@type": "String",
            "value": "15"
          }
        },
        {
          "@type": "AnnotationData",
          "@id": "533844946F",
          "key": "root_idx_mapping",
          "value": {
            "@type": "String",
            "value": "16"
          }
        },
        {
          "@type": "AnnotationData",
          "@id": "68212BE8B5",
          "key": "root_idx_mapping",
          "value": {
            "@type": "String",
            "value": "17"
          }
        },
        {
          "@type": "AnnotationData",
          "@id": "54EA84AD38",
          "key": "root_idx_mapping",
          "value": {
            "@type": "String",
            "value": "18"
          }
        },
        {
          "@type": "AnnotationData",
          "@id": "42B9CB9660",
          "key": "root_idx_mapping",
          "value": {
            "@type": "String",
            "value": "19"
          }
        },
        {
          "@type": "AnnotationData",
          "@id": "64AFB48DBD",
          "key": "root_idx_mapping",
          "value": {
            "@type": "String",
            "value": "20"
          }
        },
        {
          "@type": "AnnotationData",
          "@id": "4DA0D9CDBD",
          "key": "root_idx_mapping",
          "value": {
            "@type": "String",
            "value": "21"
          }
        },
        {
          "@type": "AnnotationData",
          "@id": "446046454C",
          "key": "root_idx_mapping",
          "value": {
            "@type": "String",
            "value": "22"
          }
        },
        {
          "@type": "AnnotationData",
          "@id": "2FC36B12F8",
          "key": "root_idx_mapping",
          "value": {
            "@type": "String",
            "value": "23"
          }
        },
        {
          "@type": "AnnotationData",
          "@id": "D7C4AC58DE",
          "key": "root_idx_mapping",
          "value": {
            "@type": "String",
            "value": "24"
          }
        },
        {
          "@type": "AnnotationData",
          "@id": "144D80AD22",
          "key": "root_idx_mapping",
          "value": {
            "@type": "String",
            "value": "25"
          }
        },
        {
          "@type": "AnnotationData",
          "@id": "4C35678749",
          "key": "root_idx_mapping",
          "value": {
            "@type": "String",
            "value": "26"
          }
        },
        {
          "@type": "AnnotationData",
          "@id": "26B0EEBEBB",
          "key": "root_idx_mapping",
          "value": {
            "@type": "String",
            "value": "27"
          }
        },
        {
          "@type": "AnnotationData",
          "@id": "18E4D94EE8",
          "key": "root_idx_mapping",
          "value": {
            "@type": "String",
            "value": "28"
          }
        },
        {
          "@type": "AnnotationData",
          "@id": "B12891F71B",
          "key": "root_idx_mapping",
          "value": {
            "@type": "String",
            "value": "29"
          }
        },
        {
          "@type": "AnnotationData",
          "@id": "FE08828C8F",
          "key": "root_idx_mapping",
          "value": {
            "@type": "String",
            "value": "30"
          }
        },
        {
          "@type": "AnnotationData",
          "@id": "AFD9917F86",
          "key": "root_idx_mapping",
          "value": {
            "@type": "String",
            "value": "31"
          }
        },
        {
          "@type": "AnnotationData",
          "@id": "CEBA4C68AD",
          "key": "root_idx_mapping",
          "value": {
            "@type": "String",
            "value": "32"
          }
        }
      ]
    }
  ],
  "annotations": [
    {
      "@type": "Annotation",
      "@id": "7D26DD7066",
      "target": {
        "@type": "TextSelector",
        "resource": "AC82",
        "offset": {
          "@type": "Offset",
          "begin": {
            "@type": "BeginAlignedCursor",
            "value": 0
          },
          "end": {
            "@type": "BeginAlignedCursor",
            "value": 14
          }
        }
      },
      "data": [
        {
          "@type": "AnnotationData",
          "@id": "4CC4A44FC5",
          "set": "segmentation_annotation"
        },
        {
          "@type": "AnnotationData",
          "@id": "C1A5F55A4E",
          "set": "segmentation_annotation"
        }
      ]
    },
    {
      "@type": "Annotation",
      "@id": "BBF2926CE4",
      "target": {
        "@type": "TextSelector",
        "resource": "AC82",
        "offset": {
          "@type": "Offset",
          "begin": {
            "@type": "BeginAlignedCursor",
            "value": 15
          },
          "end": {
            "@type": "BeginAlignedCursor",
            "value": 30
          }
        }
      },
      "data": [
        {
          "@type": "AnnotationData",
          "@id": "2D22111D2B",
          "set": "segmentation_annotation"
        },
        {
          "@type": "AnnotationData",
          "@id": "C1A5F55A4E",
          "set": "segmentation_annotation"
        }
      ]
    },
    {
      "@type": "Annotation",
      "@id": "1B5913C7BC",
      "target": {
        "@type": "TextSelector",
        "resource": "AC82",
        "offset": {
          "@type": "Offset",
          "begin": {
            "@type": "BeginAlignedCursor",
            "value": 31
          },
          "end": {
            "@type": "BeginAlignedCursor",
            "value": 31
          }
        }
      },
      "data": [
        {
          "@type": "AnnotationData",
          "@id": "FFBB4B1B31",
          "set": "segmentation_annotation"
        },
        {
          "@type": "AnnotationData",
          "@id": "C1A5F55A4E",
          "set": "segmentation_annotation"
        }
      ]
    },
    {
      "@type": "Annotation",
      "@id": "7EA701AB0B",
      "target": {
        "@type": "TextSelector",
        "resource": "AC82",
        "offset": {
          "@type": "Offset",
          "begin": {
            "@type": "BeginAlignedCursor",
            "value": 32
          },
          "end": {
            "@type": "BeginAlignedCursor",
            "value": 32
          }
        }
      },
      "data": [
        {
          "@type": "AnnotationData",
          "@id": "8C6B638FF7",
          "set": "segmentation_annotation"
        },
        {
          "@type": "AnnotationData",
          "@id": "C1A5F55A4E",
          "set": "segmentation_annotation"
        }
      ]
    },
    {
      "@type": "Annotation",
      "@id": "A095DDA0BD",
      "target": {
        "@type": "TextSelector",
        "resource": "AC82",
        "offset": {
          "@type": "Offset",
          "begin": {
            "@type": "BeginAlignedCursor",
            "value": 33
          },
          "end": {
            "@type": "BeginAlignedCursor",
            "value": 33
          }
        }
      },
      "data": [
        {
          "@type": "AnnotationData",
          "@id": "34FCE37E52",
          "set": "segmentation_annotation"
        },
        {
          "@type": "AnnotationData",
          "@id": "C1A5F55A4E",
          "set": "segmentation_annotation"
        }
      ]
    },
    {
      "@type": "Annotation",
      "@id": "37D9C68D30",
      "target": {
        "@type": "TextSelector",
        "resource": "AC82",
        "offset": {
          "@type": "Offset",
          "begin": {
            "@type": "BeginAlignedCursor",
            "value": 34
          },
          "end": {
            "@type": "BeginAlignedCursor",
            "value": 50
          }
        }
      },
      "data": [
        {
          "@type": "AnnotationData",
          "@id": "A7D98D2A2B",
          "set": "segmentation_annotation"
        },
        {
          "@type": "AnnotationData",
          "@id": "C1A5F55A4E",
          "set": "segmentation_annotation"
        }
      ]
    },
    {
      "@type": "Annotation",
      "@id": "8F111D1675",
      "target": {
        "@type": "TextSelector",
        "resource": "AC82",
        "offset": {
          "@type": "Offset",
          "begin": {
            "@type": "BeginAlignedCursor",
            "value": 51
          },
          "end": {
            "@type": "BeginAlignedCursor",
            "value": 156
          }
        }
      },
      "data": [
        {
          "@type": "AnnotationData",
          "@id": "3BB15B4DBB",
          "set": "segmentation_annotation"
        },
        {
          "@type": "AnnotationData",
          "@id": "C1A5F55A4E",
          "set": "segmentation_annotation"
        }
      ]
    },
    {
      "@type": "Annotation",
      "@id": "B449D672D7",
      "target": {
        "@type": "TextSelector",
        "resource": "AC82",
        "offset": {
          "@type": "Offset",
          "begin": {
            "@type": "BeginAlignedCursor",
            "value": 157
          },
          "end": {
            "@type": "BeginAlignedCursor",
            "value": 214
          }
        }
      },
      "data": [
        {
          "@type": "AnnotationData",
          "@id": "9E8BCE2FAF",
          "set": "segmentation_annotation"
        },
        {
          "@type": "AnnotationData",
          "@id": "C1A5F55A4E",
          "set": "segmentation_annotation"
        }
      ]
    },
    {
      "@type": "Annotation",
      "@id": "4C98510D55",
      "target": {
        "@type": "TextSelector",
        "resource": "AC82",
        "offset": {
          "@type": "Offset",
          "begin": {
            "@type": "BeginAlignedCursor",
            "value": 215
          },
          "end": {
            "@type": "BeginAlignedCursor",
            "value": 332
          }
        }
      },
      "data": [
        {
          "@type": "AnnotationData",
          "@id": "E904305A41",
          "set": "segmentation_annotation"
        },
        {
          "@type": "AnnotationData",
          "@id": "C1A5F55A4E",
          "set": "segmentation_annotation"
        }
      ]
    },
    {
      "@type": "Annotation",
      "@id": "EE400BE4C1",
      "target": {
        "@type": "TextSelector",
        "resource": "AC82",
        "offset": {
          "@type": "Offset",
          "begin": {
            "@type": "BeginAlignedCursor",
            "value": 333
          },
          "end": {
            "@type": "BeginAlignedCursor",
            "value": 379
          }
        }
      },
      "data": [
        {
          "@type": "AnnotationData",
          "@id": "7C726A3DA1",
          "set": "segmentation_annotation"
        },
        {
          "@type": "AnnotationData",
          "@id": "C1A5F55A4E",
          "set": "segmentation_annotation"
        }
      ]
    },
    {
      "@type": "Annotation",
      "@id": "2999B62B29",
      "target": {
        "@type": "TextSelector",
        "resource": "AC82",
        "offset": {
          "@type": "Offset",
          "begin": {
            "@type": "BeginAlignedCursor",
            "value": 380
          },
          "end": {
            "@type": "BeginAlignedCursor",
            "value": 567
          }
        }
      },
      "data": [
        {
          "@type": "AnnotationData",
          "@id": "E1D43E1B07",
          "set": "segmentation_annotation"
        },
        {
          "@type": "AnnotationData",
          "@id": "C1A5F55A4E",
          "set": "segmentation_annotation"
        }
      ]
    },
    {
      "@type": "Annotation",
      "@id": "F1764A9189",
      "target": {
        "@type": "TextSelector",
        "resource": "AC82",
        "offset": {
          "@type": "Offset",
          "begin": {
            "@type": "BeginAlignedCursor",
            "value": 568
          },
          "end": {
            "@type": "BeginAlignedCursor",
            "value": 826
          }
        }
      },
      "data": [
        {
          "@type": "AnnotationData",
          "@id": "BFB0D6BBFF",
          "set": "segmentation_annotation"
        },
        {
          "@type": "AnnotationData",
          "@id": "C1A5F55A4E",
          "set": "segmentation_annotation"
        }
      ]
    },
    {
      "@type": "Annotation",
      "@id": "4A6ABA5342",
      "target": {
        "@type": "TextSelector",
        "resource": "AC82",
        "offset": {
          "@type": "Offset",
          "begin": {
            "@type": "BeginAlignedCursor",
            "value": 827
          },
          "end": {
            "@type": "BeginAlignedCursor",
            "value": 857
          }
        }
      },
      "data": [
        {
          "@type": "AnnotationData",
          "@id": "07E7A928A6",
          "set": "segmentation_annotation"
        },
        {
          "@type": "AnnotationData",
          "@id": "C1A5F55A4E",
          "set": "segmentation_annotation"
        }
      ]
    },
    {
      "@type": "Annotation",
      "@id": "BB68FB3B9B",
      "target": {
        "@type": "TextSelector",
        "resource": "AC82",
        "offset": {
          "@type": "Offset",
          "begin": {
            "@type": "BeginAlignedCursor",
            "value": 858
          },
          "end": {
            "@type": "BeginAlignedCursor",
            "value": 906
          }
        }
      },
      "data": [
        {
          "@type": "AnnotationData",
          "@id": "F70BC73B6B",
          "set": "segmentation_annotation"
        },
        {
          "@type": "AnnotationData",
          "@id": "C1A5F55A4E",
          "set": "segmentation_annotation"
        }
      ]
    },
    {
      "@type": "Annotation",
      "@id": "139B32EAE1",
      "target": {
        "@type": "TextSelector",
        "resource": "AC82",
        "offset": {
          "@type": "Offset",
          "begin": {
            "@type": "BeginAlignedCursor",
            "value": 907
          },
          "end": {
            "@type": "BeginAlignedCursor",
            "value": 948
          }
        }
      },
      "data": [
        {
          "@type": "AnnotationData",
          "@id": "63A34364E7",
          "set": "segmentation_annotation"
        },
        {
          "@type": "AnnotationData",
          "@id": "C1A5F55A4E",
          "set": "segmentation_annotation"
        }
      ]
    },
    {
      "@type": "Annotation",
      "@id": "0D9AFA0BAA",
      "target": {
        "@type": "TextSelector",
        "resource": "AC82",
        "offset": {
          "@type": "Offset",
          "begin": {
            "@type": "BeginAlignedCursor",
            "value": 949
          },
          "end": {
            "@type": "BeginAlignedCursor",
            "value": 993
          }
        }
      },
      "data": [
        {
          "@type": "AnnotationData",
          "@id": "533844946F",
          "set": "segmentation_annotation"
        },
        {
          "@type": "AnnotationData",
          "@id": "C1A5F55A4E",
          "set": "segmentation_annotation"
        }
      ]
    },
    {
      "@type": "Annotation",
      "@id": "C8933D44D4",
      "target": {
        "@type": "TextSelector",
        "resource": "AC82",
        "offset": {
          "@type": "Offset",
          "begin": {
            "@type": "BeginAlignedCursor",
            "value": 994
          },
          "end": {
            "@type": "BeginAlignedCursor",
            "value": 1083
          }
        }
      },
      "data": [
        {
          "@type": "AnnotationData",
          "@id": "68212BE8B5",
          "set": "segmentation_annotation"
        },
        {
          "@type": "AnnotationData",
          "@id": "C1A5F55A4E",
          "set": "segmentation_annotation"
        }
      ]
    },
    {
      "@type": "Annotation",
      "@id": "047F89803C",
      "target": {
        "@type": "TextSelector",
        "resource": "AC82",
        "offset": {
          "@type": "Offset",
          "begin": {
            "@type": "BeginAlignedCursor",
            "value": 1084
          },
          "end": {
            "@type": "BeginAlignedCursor",
            "value": 1276
          }
        }
      },
      "data": [
        {
          "@type": "AnnotationData",
          "@id": "54EA84AD38",
          "set": "segmentation_annotation"
        },
        {
          "@type": "AnnotationData",
          "@id": "C1A5F55A4E",
          "set": "segmentation_annotation"
        }
      ]
    },
    {
      "@type": "Annotation",
      "@id": "AAF9B1CB32",
      "target": {
        "@type": "TextSelector",
        "resource": "AC82",
        "offset": {
          "@type": "Offset",
          "begin": {
            "@type": "BeginAlignedCursor",
            "value": 1277
          },
          "end": {
            "@type": "BeginAlignedCursor",
            "value": 1339
          }
        }
      },
      "data": [
        {
          "@type": "AnnotationData",
          "@id": "42B9CB9660",
          "set": "segmentation_annotation"
        },
        {
          "@type": "AnnotationData",
          "@id": "C1A5F55A4E",
          "set": "segmentation_annotation"
        }
      ]
    },
    {
      "@type": "Annotation",
      "@id": "5F84CF245C",
      "target": {
        "@type": "TextSelector",
        "resource": "AC82",
        "offset": {
          "@type": "Offset",
          "begin": {
            "@type": "BeginAlignedCursor",
            "value": 1340
          },
          "end": {
            "@type": "BeginAlignedCursor",
            "value": 1452
          }
        }
      },
      "data": [
        {
          "@type": "AnnotationData",
          "@id": "64AFB48DBD",
          "set": "segmentation_annotation"
        },
        {
          "@type": "AnnotationData",
          "@id": "C1A5F55A4E",
          "set": "segmentation_annotation"
        }
      ]
    },
    {
      "@type": "Annotation",
      "@id": "4E84BFB4EE",
      "target": {
        "@type": "TextSelector",
        "resource": "AC82",
        "offset": {
          "@type": "Offset",
          "begin": {
            "@type": "BeginAlignedCursor",
            "value": 1453
          },
          "end": {
            "@type": "BeginAlignedCursor",
            "value": 1544
          }
        }
      },
      "data": [
        {
          "@type": "AnnotationData",
          "@id": "4DA0D9CDBD",
          "set": "segmentation_annotation"
        },
        {
          "@type": "AnnotationData",
          "@id": "C1A5F55A4E",
          "set": "segmentation_annotation"
        }
      ]
    },
    {
      "@type": "Annotation",
      "@id": "643B42C6F4",
      "target": {
        "@type": "TextSelector",
        "resource": "AC82",
        "offset": {
          "@type": "Offset",
          "begin": {
            "@type": "BeginAlignedCursor",
            "value": 1545
          },
          "end": {
            "@type": "BeginAlignedCursor",
            "value": 1607
          }
        }
      },
      "data": [
        {
          "@type": "AnnotationData",
          "@id": "446046454C",
          "set": "segmentation_annotation"
        },
        {
          "@type": "AnnotationData",
          "@id": "C1A5F55A4E",
          "set": "segmentation_annotation"
        }
      ]
    },
    {
      "@type": "Annotation",
      "@id": "A475E4C403",
      "target": {
        "@type": "TextSelector",
        "resource": "AC82",
        "offset": {
          "@type": "Offset",
          "begin": {
            "@type": "BeginAlignedCursor",
            "value": 1608
          },
          "end": {
            "@type": "BeginAlignedCursor",
            "value": 1701
          }
        }
      },
      "data": [
        {
          "@type": "AnnotationData",
          "@id": "2FC36B12F8",
          "set": "segmentation_annotation"
        },
        {
          "@type": "AnnotationData",
          "@id": "C1A5F55A4E",
          "set": "segmentation_annotation"
        }
      ]
    },
    {
      "@type": "Annotation",
      "@id": "5C1AC8B048",
      "target": {
        "@type": "TextSelector",
        "resource": "AC82",
        "offset": {
          "@type": "Offset",
          "begin": {
            "@type": "BeginAlignedCursor",
            "value": 1702
          },
          "end": {
            "@type": "BeginAlignedCursor",
            "value": 1844
          }
        }
      },
      "data": [
        {
          "@type": "AnnotationData",
          "@id": "D7C4AC58DE",
          "set": "segmentation_annotation"
        },
        {
          "@type": "AnnotationData",
          "@id": "C1A5F55A4E",
          "set": "segmentation_annotation"
        }
      ]
    },
    {
      "@type": "Annotation",
      "@id": "74275730BB",
      "target": {
        "@type": "TextSelector",
        "resource": "AC82",
        "offset": {
          "@type": "Offset",
          "begin": {
            "@type": "BeginAlignedCursor",
            "value": 1845
          },
          "end": {
            "@type": "BeginAlignedCursor",
            "value": 1889
          }
        }
      },
      "data": [
        {
          "@type": "AnnotationData",
          "@id": "144D80AD22",
          "set": "segmentation_annotation"
        },
        {
          "@type": "AnnotationData",
          "@id": "C1A5F55A4E",
          "set": "segmentation_annotation"
        }
      ]
    },
    {
      "@type": "Annotation",
      "@id": "BD680FFCC6",
      "target": {
        "@type": "TextSelector",
        "resource": "AC82",
        "offset": {
          "@type": "Offset",
          "begin": {
            "@type": "BeginAlignedCursor",
            "value": 1890
          },
          "end": {
            "@type": "BeginAlignedCursor",
            "value": 1968
          }
        }
      },
      "data": [
        {
          "@type": "AnnotationData",
          "@id": "4C35678749",
          "set": "segmentation_annotation"
        },
        {
          "@type": "AnnotationData",
          "@id": "C1A5F55A4E",
          "set": "segmentation_annotation"
        }
      ]
    },
    {
      "@type": "Annotation",
      "@id": "F28A24BE6B",
      "target": {
        "@type": "TextSelector",
        "resource": "AC82",
        "offset": {
          "@type": "Offset",
          "begin": {
            "@type": "BeginAlignedCursor",
            "value": 1969
          },
          "end": {
            "@type": "BeginAlignedCursor",
            "value": 2074
          }
        }
      },
      "data": [
        {
          "@type": "AnnotationData",
          "@id": "26B0EEBEBB",
          "set": "segmentation_annotation"
        },
        {
          "@type": "AnnotationData",
          "@id": "C1A5F55A4E",
          "set": "segmentation_annotation"
        }
      ]
    },
    {
      "@type": "Annotation",
      "@id": "43A73E4AD8",
      "target": {
        "@type": "TextSelector",
        "resource": "AC82",
        "offset": {
          "@type": "Offset",
          "begin": {
            "@type": "BeginAlignedCursor",
            "value": 2075
          },
          "end": {
            "@type": "BeginAlignedCursor",
            "value": 2168
          }
        }
      },
      "data": [
        {
          "@type": "AnnotationData",
          "@id": "18E4D94EE8",
          "set": "segmentation_annotation"
        },
        {
          "@type": "AnnotationData",
          "@id": "C1A5F55A4E",
          "set": "segmentation_annotation"
        }
      ]
    },
    {
      "@type": "Annotation",
      "@id": "6140C0FA26",
      "target": {
        "@type": "TextSelector",
        "resource": "AC82",
        "offset": {
          "@type": "Offset",
          "begin": {
            "@type": "BeginAlignedCursor",
            "value": 2169
          },
          "end": {
            "@type": "BeginAlignedCursor",
            "value": 2197
          }
        }
      },
      "data": [
        {
          "@type": "AnnotationData",
          "@id": "B12891F71B",
          "set": "segmentation_annotation"
        },
        {
          "@type": "AnnotationData",
          "@id": "C1A5F55A4E",
          "set": "segmentation_annotation"
        }
      ]
    },
    {
      "@type": "Annotation",
      "@id": "268874EB39",
      "target": {
        "@type": "TextSelector",
        "resource": "AC82",
        "offset": {
          "@type": "Offset",
          "begin": {
            "@type": "BeginAlignedCursor",
            "value": 2198
          },
          "end": {
            "@type": "BeginAlignedCursor",
            "value": 2214
          }
        }
      },
      "data": [
        {
          "@type": "AnnotationData",
          "@id": "FE08828C8F",
          "set": "segmentation_annotation"
        },
        {
          "@type": "AnnotationData",
          "@id": "C1A5F55A4E",
          "set": "segmentation_annotation"
        }
      ]
    },
    {
      "@type": "Annotation",
      "@id": "F921E20EE7",
      "target": {
        "@type": "TextSelector",
        "resource": "AC82",
        "offset": {
          "@type": "Offset",
          "begin": {
            "@type": "BeginAlignedCursor",
            "value": 2215
          },
          "end": {
            "@type": "BeginAlignedCursor",
            "value": 2349
          }
        }
      },
      "data": [
        {
          "@type": "AnnotationData",
          "@id": "AFD9917F86",
          "set": "segmentation_annotation"
        },
        {
          "@type": "AnnotationData",
          "@id": "C1A5F55A4E",
          "set": "segmentation_annotation"
        }
      ]
    },
    {
      "@type": "Annotation",
      "@id": "5E84B43D94",
      "target": {
        "@type": "TextSelector",
        "resource": "AC82",
        "offset": {
          "@type": "Offset",
          "begin": {
            "@type": "BeginAlignedCursor",
            "value": 2350
          },
          "end": {
            "@type": "BeginAlignedCursor",
            "value": 2388
          }
        }
      },
      "data": [
        {
          "@type": "AnnotationData",
          "@id": "CEBA4C68AD",
          "set": "segmentation_annotation"
        },
        {
          "@type": "AnnotationData",
          "@id": "C1A5F55A4E",
          "set": "segmentation_annotation"
        }
      ]
    }
  ]
}