{
  "id": "I27877531",
  "title": {
    "bo": "རྡོ་རྗེ་གཅོད་པ་ཞེས་བྱ་བ་ཐེག་པ་ཆེན་པོའི་མདོ།",
    "en": "The Sutra of the Great Vehicle Called the Diamond Cutter",
    "lzh": "名为金刚能断的大乘经"
  },
  "author": {
    "bo": "སྟོན་པ་བཅོམ་ལྡན་འདས།"
  },
  "imported": "2025-05-21T09:11:35.807955",
  "source": "https://library.bdrc.io/show/bdr:WA1KG12670?tabs=bdr:MW3JT13747,bdr:W3JT13747",
  "toolkit_version": "2.1.12",
  "parser": "DocxRootParser",
  "initial_creation_type": "google_docx",
  "language": "bo",
  "source_metadata": {
    "date": null,
    "source_url": null,
    "source_type": "docx",
    "document_id": "1lKpIJeGMnbM13eHD4aQMyRgzLfSWbpa4Il517YL2EYI",
    "presentation": null,
    "usage_title": null,
    "long_title": {
      "bo": "རྡོ་རྗེ་གཅོད་པ་ཞེས་བྱ་བ་ཐེག་པ་ཆེན་པོའི་མདོ།"
    },
    "alt_titles": null,
    "commentary_of": null,
    "version_of": null,
    "translation_of": null,
    "category": null,
    "bdrc": null
  },
  "bases": {},
  "copyright": {
    "status": "Unknown",
    "notice": "",
    "info_url": null
  },
  "licence": "Unknown",
  "legacy_id": null,
  "source_file": null,
  "ocr_import_info": null,
  "statistics": null,
  "quality": null,
  "last_modified": "2025-05-21T09:11:35.807949"
}