{
  "id": "I60262E03",
  "title": {
    "bo": "བྱང་ཆུབ་སེམས་དཔའི་སྤྱོད་པ་ལ་འཇུག་པ།",
    "en": "The Way of the Bodhisattva",
    "lzh": "菩萨行道"
  },
  "author": {
    "bo": "རྒྱལ་སྲས་ཞི་བ་ལྷ།"
  },
  "imported": "2025-05-21T10:56:43.499986",
  "source": "https://library.bdrc.io/show/bdr:MW1KG13126_5272?s=%2Fshow%2Fbdr%3AMW1KG13126%3Fpart%3Dbdr%3AMW1KG13126_5272%26s%3Dq%253D%252522%2525E0%2525BD%252596%2525E0%2525BE%2525B1%2525E0%2525BD%252584%2525E0%2525BC%25258B%2525E0%2525BD%252586%2525E0%2525BD%2525B4%2525E0%2525BD%252596%2525E0%2525BC%25258B%2525E0%2525BD%2525A6%2525E0%2525BD%2525BA%2525E0%2525BD%252598%2525E0%2525BD%2525A6%2525E0%2525BC%25258B%2525E0%2525BD%252591%2525E0%2525BD%252594%2525E0%2525BD%2525A0%2525E0%2525BD%2525B2%2525E0%2525BC%25258B%2525E0%2525BD%2525A6%2525E0%2525BE%2525A4%2525E0%2525BE%2525B1%2525E0%2525BD%2525BC%2525E0%2525BD%252591%2525E0%2525BC%25258B%2525E0%2525BD%252594%2525E0%2525BC%25258B%2525E0%2525BD%2525A3%2525E0%2525BC%25258B%2525E0%2525BD%2525A0%2525E0%2525BD%252587%2525E0%2525BD%2525B4%2525E0%2525BD%252582%2525E0%2525BC%25258B%2525E0%2525BD%252594%2525E0%2525BC%25258D%252522~1%2526lg%253Dbo%2526t%253DInstance%2526f%253Dasset%252Cinc%252Ctmp%253ApossibleAccess%2526f%253Dasset%252Cinc%252Ctmp%253AcatalogOnly%2526n%253D12#open-viewer",
  "toolkit_version": "2.1.12",
  "parser": "DocxRootParser",
  "initial_creation_type": "google_docx",
  "language": "bo",
  "source_metadata": {
    "date": null,
    "source_url": null,
    "source_type": "docx",
    "document_id": "1XIpzdQPOhlY8jLo4BeI57H3oAJ7nMbDYO2xaOdQyqmA",
    "presentation": null,
    "usage_title": null,
    "long_title": {
      "bo": "བྱང་ཆུབ་སེམས་དཔའི་སྤྱོད་པ་ལ་འཇུག་པ།"
    },
    "alt_titles": null,
    "commentary_of": null,
    "version_of": null,
    "translation_of": null,
    "category": null,
    "bdrc": null
  },
  "bases": {},
  "copyright": {
    "status": "Unknown",
    "notice": "",
    "info_url": null
  },
  "licence": "Unknown",
  "legacy_id": null,
  "source_file": null,
  "ocr_import_info": null,
  "statistics": null,
  "quality": null,
  "last_modified": "2025-05-21T10:56:43.499981"
}