{
  "@type": "AnnotationStore",
  "@id": "IA07AE7EA",
  "resources": [
    {
      "@type": "TextResource",
      "@id": "42E8",
      "@include": "../../base/42E8.txt"
    }
  ],
  "annotationsets": [
    {
      "@type": "AnnotationDataSet",
      "@id": "segmentation_annotation",
      "keys": [
        {
          "@type": "DataKey",
          "@id": "root_idx_mapping"
        },
        {
          "@type": "DataKey",
          "@id": "segmentation_type"
        }
      ],
      "data": [
        {
          "@type": "AnnotationData",
          "@id": "336249B250",
          "key": "root_idx_mapping",
          "value": {
            "@type": "String",
            "value": "1"
          }
        },
        {
          "@type": "AnnotationData",
          "@id": "163814A1AB",
          "key": "segmentation_type",
          "value": {
            "@type": "String",
            "value": "alignment"
          }
        },
        {
          "@type": "AnnotationData",
          "@id": "BF7A18A131",
          "key": "root_idx_mapping",
          "value": {
            "@type": "String",
            "value": "2"
          }
        },
        {
          "@type": "AnnotationData",
          "@id": "35D4E655E1",
          "key": "root_idx_mapping",
          "value": {
            "@type": "String",
            "value": "3"
          }
        },
        {
          "@type": "AnnotationData",
          "@id": "DC580B6844",
          "key": "root_idx_mapping",
          "value": {
            "@type": "String",
            "value": "4"
          }
        },
        {
          "@type": "AnnotationData",
          "@id": "4BA44539F8",
          "key": "root_idx_mapping",
          "value": {
            "@type": "String",
            "value": "5"
          }
        },
        {
          "@type": "AnnotationData",
          "@id": "4B0DB73B5B",
          "key": "root_idx_mapping",
          "value": {
            "@type": "String",
            "value": "6"
          }
        },
        {
          "@type": "AnnotationData",
          "@id": "E47DD34EEE",
          "key": "root_idx_mapping",
          "value": {
            "@type": "String",
            "value": "7"
          }
        },
        {
          "@type": "AnnotationData",
          "@id": "D736D08348",
          "key": "root_idx_mapping",
          "value": {
            "@type": "String",
            "value": "8"
          }
        },
        {
          "@type": "AnnotationData",
          "@id": "E9016ABDD9",
          "key": "root_idx_mapping",
          "value": {
            "@type": "String",
            "value": "9"
          }
        },
        {
          "@type": "AnnotationData",
          "@id": "0313720523",
          "key": "root_idx_mapping",
          "value": {
            "@type": "String",
            "value": "10"
          }
        },
        {
          "@type": "AnnotationData",
          "@id": "F2D0B6100D",
          "key": "root_idx_mapping",
          "value": {
            "@type": "String",
            "value": "11"
          }
        },
        {
          "@type": "AnnotationData",
          "@id": "1FD4D4824D",
          "key": "root_idx_mapping",
          "value": {
            "@type": "String",
            "value": "12"
          }
        },
        {
          "@type": "AnnotationData",
          "@id": "BB49184148",
          "key": "root_idx_mapping",
          "value": {
            "@type": "String",
            "value": "13"
          }
        },
        {
          "@type": "AnnotationData",
          "@id": "E0B6A0BBB7",
          "key": "root_idx_mapping",
          "value": {
            "@type": "String",
            "value": "14"
          }
        },
        {
          "@type": "AnnotationData",
          "@id": "859B2EAD78",
          "key": "root_idx_mapping",
          "value": {
            "@type": "String",
            "value": "15"
          }
        },
        {
          "@type": "AnnotationData",
          "@id": "505EA74A7B",
          "key": "root_idx_mapping",
          "value": {
            "@type": "String",
            "value": "16"
          }
        },
        {
          "@type": "AnnotationData",
          "@id": "36D933BD6E",
          "key": "root_idx_mapping",
          "value": {
            "@type": "String",
            "value": "17"
          }
        },
        {
          "@type": "AnnotationData",
          "@id": "34A8716669",
          "key": "root_idx_mapping",
          "value": {
            "@type": "String",
            "value": "18"
          }
        },
        {
          "@type": "AnnotationData",
          "@id": "EC66262C88",
          "key": "root_idx_mapping",
          "value": {
            "@type": "String",
            "value": "19"
          }
        },
        {
          "@type": "AnnotationData",
          "@id": "B1AAC1A241",
          "key": "root_idx_mapping",
          "value": {
            "@type": "String",
            "value": "20"
          }
        },
        {
          "@type": "AnnotationData",
          "@id": "0AF029187C",
          "key": "root_idx_mapping",
          "value": {
            "@type": "String",
            "value": "21"
          }
        },
        {
          "@type": "AnnotationData",
          "@id": "474DAD4C3D",
          "key": "root_idx_mapping",
          "value": {
            "@type": "String",
            "value": "22"
          }
        },
        {
          "@type": "AnnotationData",
          "@id": "4430B8F347",
          "key": "root_idx_mapping",
          "value": {
            "@type": "String",
            "value": "23"
          }
        },
        {
          "@type": "AnnotationData",
          "@id": "63B6BD93BF",
          "key": "root_idx_mapping",
          "value": {
            "@type": "String",
            "value": "24"
          }
        },
        {
          "@type": "AnnotationData",
          "@id": "559265412D",
          "key": "root_idx_mapping",
          "value": {
            "@type": "String",
            "value": "25"
          }
        },
        {
          "@type": "AnnotationData",
          "@id": "99B357B965",
          "key": "root_idx_mapping",
          "value": {
            "@type": "String",
            "value": "26"
          }
        },
        {
          "@type": "AnnotationData",
          "@id": "CAB64B640E",
          "key": "root_idx_mapping",
          "value": {
            "@type": "String",
            "value": "27"
          }
        },
        {
          "@type": "AnnotationData",
          "@id": "27FC42A337",
          "key": "root_idx_mapping",
          "value": {
            "@type": "String",
            "value": "28"
          }
        },
        {
          "@type": "AnnotationData",
          "@id": "28D83EE836",
          "key": "root_idx_mapping",
          "value": {
            "@type": "String",
            "value": "29"
          }
        },
        {
          "@type": "AnnotationData",
          "@id": "369CF1EA31",
          "key": "root_idx_mapping",
          "value": {
            "@type": "String",
            "value": "30"
          }
        },
        {
          "@type": "AnnotationData",
          "@id": "C6DA990F3C",
          "key": "root_idx_mapping",
          "value": {
            "@type": "String",
            "value": "31"
          }
        },
        {
          "@type": "AnnotationData",
          "@id": "9B42B43AC8",
          "key": "root_idx_mapping",
          "value": {
            "@type": "String",
            "value": "32"
          }
        }
      ]
    }
  ],
  "annotations": [
    {
      "@type": "Annotation",
      "@id": "9697920450",
      "target": {
        "@type": "TextSelector",
        "resource": "42E8",
        "offset": {
          "@type": "Offset",
          "begin": {
            "@type": "BeginAlignedCursor",
            "value": 0
          },
          "end": {
            "@type": "BeginAlignedCursor",
            "value": 137
          }
        }
      },
      "data": [
        {
          "@type": "AnnotationData",
          "@id": "336249B250",
          "set": "segmentation_annotation"
        },
        {
          "@type": "AnnotationData",
          "@id": "163814A1AB",
          "set": "segmentation_annotation"
        }
      ]
    },
    {
      "@type": "Annotation",
      "@id": "0064141301",
      "target": {
        "@type": "TextSelector",
        "resource": "42E8",
        "offset": {
          "@type": "Offset",
          "begin": {
            "@type": "BeginAlignedCursor",
            "value": 138
          },
          "end": {
            "@type": "BeginAlignedCursor",
            "value": 138
          }
        }
      },
      "data": [
        {
          "@type": "AnnotationData",
          "@id": "BF7A18A131",
          "set": "segmentation_annotation"
        },
        {
          "@type": "AnnotationData",
          "@id": "163814A1AB",
          "set": "segmentation_annotation"
        }
      ]
    },
    {
      "@type": "Annotation",
      "@id": "5517FB7E9C",
      "target": {
        "@type": "TextSelector",
        "resource": "42E8",
        "offset": {
          "@type": "Offset",
          "begin": {
            "@type": "BeginAlignedCursor",
            "value": 139
          },
          "end": {
            "@type": "BeginAlignedCursor",
            "value": 139
          }
        }
      },
      "data": [
        {
          "@type": "AnnotationData",
          "@id": "35D4E655E1",
          "set": "segmentation_annotation"
        },
        {
          "@type": "AnnotationData",
          "@id": "163814A1AB",
          "set": "segmentation_annotation"
        }
      ]
    },
    {
      "@type": "Annotation",
      "@id": "F1DA3CEE88",
      "target": {
        "@type": "TextSelector",
        "resource": "42E8",
        "offset": {
          "@type": "Offset",
          "begin": {
            "@type": "BeginAlignedCursor",
            "value": 140
          },
          "end": {
            "@type": "BeginAlignedCursor",
            "value": 140
          }
        }
      },
      "data": [
        {
          "@type": "AnnotationData",
          "@id": "DC580B6844",
          "set": "segmentation_annotation"
        },
        {
          "@type": "AnnotationData",
          "@id": "163814A1AB",
          "set": "segmentation_annotation"
        }
      ]
    },
    {
      "@type": "Annotation",
      "@id": "D61BA99CC3",
      "target": {
        "@type": "TextSelector",
        "resource": "42E8",
        "offset": {
          "@type": "Offset",
          "begin": {
            "@type": "BeginAlignedCursor",
            "value": 141
          },
          "end": {
            "@type": "BeginAlignedCursor",
            "value": 141
          }
        }
      },
      "data": [
        {
          "@type": "AnnotationData",
          "@id": "4BA44539F8",
          "set": "segmentation_annotation"
        },
        {
          "@type": "AnnotationData",
          "@id": "163814A1AB",
          "set": "segmentation_annotation"
        }
      ]
    },
    {
      "@type": "Annotation",
      "@id": "50F5A085D5",
      "target": {
        "@type": "TextSelector",
        "resource": "42E8",
        "offset": {
          "@type": "Offset",
          "begin": {
            "@type": "BeginAlignedCursor",
            "value": 142
          },
          "end": {
            "@type": "BeginAlignedCursor",
            "value": 142
          }
        }
      },
      "data": [
        {
          "@type": "AnnotationData",
          "@id": "4B0DB73B5B",
          "set": "segmentation_annotation"
        },
        {
          "@type": "AnnotationData",
          "@id": "163814A1AB",
          "set": "segmentation_annotation"
        }
      ]
    },
    {
      "@type": "Annotation",
      "@id": "E62CFCA24C",
      "target": {
        "@type": "TextSelector",
        "resource": "42E8",
        "offset": {
          "@type": "Offset",
          "begin": {
            "@type": "BeginAlignedCursor",
            "value": 143
          },
          "end": {
            "@type": "BeginAlignedCursor",
            "value": 143
          }
        }
      },
      "data": [
        {
          "@type": "AnnotationData",
          "@id": "E47DD34EEE",
          "set": "segmentation_annotation"
        },
        {
          "@type": "AnnotationData",
          "@id": "163814A1AB",
          "set": "segmentation_annotation"
        }
      ]
    },
    {
      "@type": "Annotation",
      "@id": "0EB56984C5",
      "target": {
        "@type": "TextSelector",
        "resource": "42E8",
        "offset": {
          "@type": "Offset",
          "begin": {
            "@type": "BeginAlignedCursor",
            "value": 144
          },
          "end": {
            "@type": "BeginAlignedCursor",
            "value": 144
          }
        }
      },
      "data": [
        {
          "@type": "AnnotationData",
          "@id": "D736D08348",
          "set": "segmentation_annotation"
        },
        {
          "@type": "AnnotationData",
          "@id": "163814A1AB",
          "set": "segmentation_annotation"
        }
      ]
    },
    {
      "@type": "Annotation",
      "@id": "AA363C2A21",
      "target": {
        "@type": "TextSelector",
        "resource": "42E8",
        "offset": {
          "@type": "Offset",
          "begin": {
            "@type": "BeginAlignedCursor",
            "value": 145
          },
          "end": {
            "@type": "BeginAlignedCursor",
            "value": 167
          }
        }
      },
      "data": [
        {
          "@type": "AnnotationData",
          "@id": "E9016ABDD9",
          "set": "segmentation_annotation"
        },
        {
          "@type": "AnnotationData",
          "@id": "163814A1AB",
          "set": "segmentation_annotation"
        }
      ]
    },
    {
      "@type": "Annotation",
      "@id": "89C6E1888B",
      "target": {
        "@type": "TextSelector",
        "resource": "42E8",
        "offset": {
          "@type": "Offset",
          "begin": {
            "@type": "BeginAlignedCursor",
            "value": 168
          },
          "end": {
            "@type": "BeginAlignedCursor",
            "value": 202
          }
        }
      },
      "data": [
        {
          "@type": "AnnotationData",
          "@id": "0313720523",
          "set": "segmentation_annotation"
        },
        {
          "@type": "AnnotationData",
          "@id": "163814A1AB",
          "set": "segmentation_annotation"
        }
      ]
    },
    {
      "@type": "Annotation",
      "@id": "F4F56F43C6",
      "target": {
        "@type": "TextSelector",
        "resource": "42E8",
        "offset": {
          "@type": "Offset",
          "begin": {
            "@type": "BeginAlignedCursor",
            "value": 203
          },
          "end": {
            "@type": "BeginAlignedCursor",
            "value": 207
          }
        }
      },
      "data": [
        {
          "@type": "AnnotationData",
          "@id": "F2D0B6100D",
          "set": "segmentation_annotation"
        },
        {
          "@type": "AnnotationData",
          "@id": "163814A1AB",
          "set": "segmentation_annotation"
        }
      ]
    },
    {
      "@type": "Annotation",
      "@id": "F3EB4B73F0",
      "target": {
        "@type": "TextSelector",
        "resource": "42E8",
        "offset": {
          "@type": "Offset",
          "begin": {
            "@type": "BeginAlignedCursor",
            "value": 208
          },
          "end": {
            "@type": "BeginAlignedCursor",
            "value": 208
          }
        }
      },
      "data": [
        {
          "@type": "AnnotationData",
          "@id": "1FD4D4824D",
          "set": "segmentation_annotation"
        },
        {
          "@type": "AnnotationData",
          "@id": "163814A1AB",
          "set": "segmentation_annotation"
        }
      ]
    },
    {
      "@type": "Annotation",
      "@id": "871B9B9553",
      "target": {
        "@type": "TextSelector",
        "resource": "42E8",
        "offset": {
          "@type": "Offset",
          "begin": {
            "@type": "BeginAlignedCursor",
            "value": 209
          },
          "end": {
            "@type": "BeginAlignedCursor",
            "value": 233
          }
        }
      },
      "data": [
        {
          "@type": "AnnotationData",
          "@id": "BB49184148",
          "set": "segmentation_annotation"
        },
        {
          "@type": "AnnotationData",
          "@id": "163814A1AB",
          "set": "segmentation_annotation"
        }
      ]
    },
    {
      "@type": "Annotation",
      "@id": "B3348B8C33",
      "target": {
        "@type": "TextSelector",
        "resource": "42E8",
        "offset": {
          "@type": "Offset",
          "begin": {
            "@type": "BeginAlignedCursor",
            "value": 234
          },
          "end": {
            "@type": "BeginAlignedCursor",
            "value": 234
          }
        }
      },
      "data": [
        {
          "@type": "AnnotationData",
          "@id": "E0B6A0BBB7",
          "set": "segmentation_annotation"
        },
        {
          "@type": "AnnotationData",
          "@id": "163814A1AB",
          "set": "segmentation_annotation"
        }
      ]
    },
    {
      "@type": "Annotation",
      "@id": "54BCE300E5",
      "target": {
        "@type": "TextSelector",
        "resource": "42E8",
        "offset": {
          "@type": "Offset",
          "begin": {
            "@type": "BeginAlignedCursor",
            "value": 235
          },
          "end": {
            "@type": "BeginAlignedCursor",
            "value": 235
          }
        }
      },
      "data": [
        {
          "@type": "AnnotationData",
          "@id": "859B2EAD78",
          "set": "segmentation_annotation"
        },
        {
          "@type": "AnnotationData",
          "@id": "163814A1AB",
          "set": "segmentation_annotation"
        }
      ]
    },
    {
      "@type": "Annotation",
      "@id": "BE222E23E5",
      "target": {
        "@type": "TextSelector",
        "resource": "42E8",
        "offset": {
          "@type": "Offset",
          "begin": {
            "@type": "BeginAlignedCursor",
            "value": 236
          },
          "end": {
            "@type": "BeginAlignedCursor",
            "value": 249
          }
        }
      },
      "data": [
        {
          "@type": "AnnotationData",
          "@id": "505EA74A7B",
          "set": "segmentation_annotation"
        },
        {
          "@type": "AnnotationData",
          "@id": "163814A1AB",
          "set": "segmentation_annotation"
        }
      ]
    },
    {
      "@type": "Annotation",
      "@id": "D08CEEB01D",
      "target": {
        "@type": "TextSelector",
        "resource": "42E8",
        "offset": {
          "@type": "Offset",
          "begin": {
            "@type": "BeginAlignedCursor",
            "value": 250
          },
          "end": {
            "@type": "BeginAlignedCursor",
            "value": 300
          }
        }
      },
      "data": [
        {
          "@type": "AnnotationData",
          "@id": "36D933BD6E",
          "set": "segmentation_annotation"
        },
        {
          "@type": "AnnotationData",
          "@id": "163814A1AB",
          "set": "segmentation_annotation"
        }
      ]
    },
    {
      "@type": "Annotation",
      "@id": "C4D32E4C10",
      "target": {
        "@type": "TextSelector",
        "resource": "42E8",
        "offset": {
          "@type": "Offset",
          "begin": {
            "@type": "BeginAlignedCursor",
            "value": 301
          },
          "end": {
            "@type": "BeginAlignedCursor",
            "value": 365
          }
        }
      },
      "data": [
        {
          "@type": "AnnotationData",
          "@id": "34A8716669",
          "set": "segmentation_annotation"
        },
        {
          "@type": "AnnotationData",
          "@id": "163814A1AB",
          "set": "segmentation_annotation"
        }
      ]
    },
    {
      "@type": "Annotation",
      "@id": "A712722772",
      "target": {
        "@type": "TextSelector",
        "resource": "42E8",
        "offset": {
          "@type": "Offset",
          "begin": {
            "@type": "BeginAlignedCursor",
            "value": 366
          },
          "end": {
            "@type": "BeginAlignedCursor",
            "value": 385
          }
        }
      },
      "data": [
        {
          "@type": "AnnotationData",
          "@id": "EC66262C88",
          "set": "segmentation_annotation"
        },
        {
          "@type": "AnnotationData",
          "@id": "163814A1AB",
          "set": "segmentation_annotation"
        }
      ]
    },
    {
      "@type": "Annotation",
      "@id": "984F1D961E",
      "target": {
        "@type": "TextSelector",
        "resource": "42E8",
        "offset": {
          "@type": "Offset",
          "begin": {
            "@type": "BeginAlignedCursor",
            "value": 386
          },
          "end": {
            "@type": "BeginAlignedCursor",
            "value": 484
          }
        }
      },
      "data": [
        {
          "@type": "AnnotationData",
          "@id": "B1AAC1A241",
          "set": "segmentation_annotation"
        },
        {
          "@type": "AnnotationData",
          "@id": "163814A1AB",
          "set": "segmentation_annotation"
        }
      ]
    },
    {
      "@type": "Annotation",
      "@id": "D3E4DDBDB3",
      "target": {
        "@type": "TextSelector",
        "resource": "42E8",
        "offset": {
          "@type": "Offset",
          "begin": {
            "@type": "BeginAlignedCursor",
            "value": 485
          },
          "end": {
            "@type": "BeginAlignedCursor",
            "value": 519
          }
        }
      },
      "data": [
        {
          "@type": "AnnotationData",
          "@id": "0AF029187C",
          "set": "segmentation_annotation"
        },
        {
          "@type": "AnnotationData",
          "@id": "163814A1AB",
          "set": "segmentation_annotation"
        }
      ]
    },
    {
      "@type": "Annotation",
      "@id": "0CCDDEB71E",
      "target": {
        "@type": "TextSelector",
        "resource": "42E8",
        "offset": {
          "@type": "Offset",
          "begin": {
            "@type": "BeginAlignedCursor",
            "value": 520
          },
          "end": {
            "@type": "BeginAlignedCursor",
            "value": 563
          }
        }
      },
      "data": [
        {
          "@type": "AnnotationData",
          "@id": "474DAD4C3D",
          "set": "segmentation_annotation"
        },
        {
          "@type": "AnnotationData",
          "@id": "163814A1AB",
          "set": "segmentation_annotation"
        }
      ]
    },
    {
      "@type": "Annotation",
      "@id": "AEFF5D60F1",
      "target": {
        "@type": "TextSelector",
        "resource": "42E8",
        "offset": {
          "@type": "Offset",
          "begin": {
            "@type": "BeginAlignedCursor",
            "value": 564
          },
          "end": {
            "@type": "BeginAlignedCursor",
            "value": 614
          }
        }
      },
      "data": [
        {
          "@type": "AnnotationData",
          "@id": "4430B8F347",
          "set": "segmentation_annotation"
        },
        {
          "@type": "AnnotationData",
          "@id": "163814A1AB",
          "set": "segmentation_annotation"
        }
      ]
    },
    {
      "@type": "Annotation",
      "@id": "38E14BBDF0",
      "target": {
        "@type": "TextSelector",
        "resource": "42E8",
        "offset": {
          "@type": "Offset",
          "begin": {
            "@type": "BeginAlignedCursor",
            "value": 615
          },
          "end": {
            "@type": "BeginAlignedCursor",
            "value": 715
          }
        }
      },
      "data": [
        {
          "@type": "AnnotationData",
          "@id": "63B6BD93BF",
          "set": "segmentation_annotation"
        },
        {
          "@type": "AnnotationData",
          "@id": "163814A1AB",
          "set": "segmentation_annotation"
        }
      ]
    },
    {
      "@type": "Annotation",
      "@id": "14838BB4D4",
      "target": {
        "@type": "TextSelector",
        "resource": "42E8",
        "offset": {
          "@type": "Offset",
          "begin": {
            "@type": "BeginAlignedCursor",
            "value": 716
          },
          "end": {
            "@type": "BeginAlignedCursor",
            "value": 740
          }
        }
      },
      "data": [
        {
          "@type": "AnnotationData",
          "@id": "559265412D",
          "set": "segmentation_annotation"
        },
        {
          "@type": "AnnotationData",
          "@id": "163814A1AB",
          "set": "segmentation_annotation"
        }
      ]
    },
    {
      "@type": "Annotation",
      "@id": "A8AE27DAAE",
      "target": {
        "@type": "TextSelector",
        "resource": "42E8",
        "offset": {
          "@type": "Offset",
          "begin": {
            "@type": "BeginAlignedCursor",
            "value": 741
          },
          "end": {
            "@type": "BeginAlignedCursor",
            "value": 741
          }
        }
      },
      "data": [
        {
          "@type": "AnnotationData",
          "@id": "99B357B965",
          "set": "segmentation_annotation"
        },
        {
          "@type": "AnnotationData",
          "@id": "163814A1AB",
          "set": "segmentation_annotation"
        }
      ]
    },
    {
      "@type": "Annotation",
      "@id": "24BA8B9EFD",
      "target": {
        "@type": "TextSelector",
        "resource": "42E8",
        "offset": {
          "@type": "Offset",
          "begin": {
            "@type": "BeginAlignedCursor",
            "value": 742
          },
          "end": {
            "@type": "BeginAlignedCursor",
            "value": 742
          }
        }
      },
      "data": [
        {
          "@type": "AnnotationData",
          "@id": "CAB64B640E",
          "set": "segmentation_annotation"
        },
        {
          "@type": "AnnotationData",
          "@id": "163814A1AB",
          "set": "segmentation_annotation"
        }
      ]
    },
    {
      "@type": "Annotation",
      "@id": "6286045503",
      "target": {
        "@type": "TextSelector",
        "resource": "42E8",
        "offset": {
          "@type": "Offset",
          "begin": {
            "@type": "BeginAlignedCursor",
            "value": 743
          },
          "end": {
            "@type": "BeginAlignedCursor",
            "value": 743
          }
        }
      },
      "data": [
        {
          "@type": "AnnotationData",
          "@id": "27FC42A337",
          "set": "segmentation_annotation"
        },
        {
          "@type": "AnnotationData",
          "@id": "163814A1AB",
          "set": "segmentation_annotation"
        }
      ]
    },
    {
      "@type": "Annotation",
      "@id": "0752EDA6C8",
      "target": {
        "@type": "TextSelector",
        "resource": "42E8",
        "offset": {
          "@type": "Offset",
          "begin": {
            "@type": "BeginAlignedCursor",
            "value": 744
          },
          "end": {
            "@type": "BeginAlignedCursor",
            "value": 744
          }
        }
      },
      "data": [
        {
          "@type": "AnnotationData",
          "@id": "28D83EE836",
          "set": "segmentation_annotation"
        },
        {
          "@type": "AnnotationData",
          "@id": "163814A1AB",
          "set": "segmentation_annotation"
        }
      ]
    },
    {
      "@type": "Annotation",
      "@id": "74977444BF",
      "target": {
        "@type": "TextSelector",
        "resource": "42E8",
        "offset": {
          "@type": "Offset",
          "begin": {
            "@type": "BeginAlignedCursor",
            "value": 745
          },
          "end": {
            "@type": "BeginAlignedCursor",
            "value": 745
          }
        }
      },
      "data": [
        {
          "@type": "AnnotationData",
          "@id": "369CF1EA31",
          "set": "segmentation_annotation"
        },
        {
          "@type": "AnnotationData",
          "@id": "163814A1AB",
          "set": "segmentation_annotation"
        }
      ]
    },
    {
      "@type": "Annotation",
      "@id": "FAA7772A1D",
      "target": {
        "@type": "TextSelector",
        "resource": "42E8",
        "offset": {
          "@type": "Offset",
          "begin": {
            "@type": "BeginAlignedCursor",
            "value": 746
          },
          "end": {
            "@type": "BeginAlignedCursor",
            "value": 746
          }
        }
      },
      "data": [
        {
          "@type": "AnnotationData",
          "@id": "C6DA990F3C",
          "set": "segmentation_annotation"
        },
        {
          "@type": "AnnotationData",
          "@id": "163814A1AB",
          "set": "segmentation_annotation"
        }
      ]
    },
    {
      "@type": "Annotation",
      "@id": "D7427B4447",
      "target": {
        "@type": "TextSelector",
        "resource": "42E8",
        "offset": {
          "@type": "Offset",
          "begin": {
            "@type": "BeginAlignedCursor",
            "value": 747
          },
          "end": {
            "@type": "BeginAlignedCursor",
            "value": 747
          }
        }
      },
      "data": [
        {
          "@type": "AnnotationData",
          "@id": "9B42B43AC8",
          "set": "segmentation_annotation"
        },
        {
          "@type": "AnnotationData",
          "@id": "163814A1AB",
          "set": "segmentation_annotation"
        }
      ]
    }
  ]
}