{
  "id": "IA07AE7EA",
  "title": {
    "bo": "ཤེས་རབ་ཀྱི་ཕ་རོལ་ཏུ་ཕྱིན་པའི་སྙིང་པོ།",
    "en": "The Heart of the Perfection of Wisdom",
    "lzh": "般若波罗蜜多心经",
    "zh": "般若波罗蜜多心经 Modern Chinese"
  },
  "author": {
    "zh": "世尊如来"
  },
  "imported": "2025-05-23T10:00:11.722867",
  "source": "Kumarajiva",
  "toolkit_version": "2.1.12",
  "parser": "DocxRootParser",
  "initial_creation_type": "google_docx",
  "language": "zh",
  "source_metadata": {
    "date": null,
    "source_url": null,
    "source_type": "docx",
    "document_id": "15gJS7oqChuPRa_tw1KoeDVFeSV-1MngInUqaqVYcl2o",
    "presentation": null,
    "usage_title": null,
    "long_title": {
      "zh": "般若波罗蜜多心经 Modern Chinese"
    },
    "alt_titles": null,
    "commentary_of": null,
    "version_of": null,
    "translation_of": "I999EDD0C",
    "category": null,
    "bdrc": null
  },
  "bases": {},
  "copyright": {
    "status": "Unknown",
    "notice": "",
    "info_url": null
  },
  "licence": "Unknown",
  "legacy_id": null,
  "source_file": null,
  "ocr_import_info": null,
  "statistics": null,
  "quality": null,
  "last_modified": "2025-05-23T10:00:11.722861"
}